CustomerID,MembershipLevel,TotalPurchases,TotalSpent,FavoriteCategory,LastPurchaseDate,Occupation,WebsiteVisitsFrequency,Item,Churn
1,Bronze,48,586.31,Electronics,26/10/2023,Energy manager,Daily,Laptop,1
2,Bronze,14,503.69,Home Goods,23/12/2023,"Designer, television/film set",Weekly,Lamp,0
3,Gold,1,1529.67,Electronics,13/1/2023,Company secretary,Monthly,Smartphone,0
4,Bronze,25,238.60,Clothing,2/3/2023,Technical brewer,Bi-weekly,Dress,0
5,Gold,41,1256.11,Clothing,16/3/2023,Medical illustrator,Weekly,T-Shirt,0
6,Silver,7,791.25,Clothing,14/2/2023,"Engineer, water",Bi-weekly,Sneakers,0
7,Bronze,39,1288.21,Home Goods,2/9/2023,Social worker,Weekly,Bedding Set,0
8,,15,1652.52,Clothing,14/6/2023,Fine artist,Bi-weekly,Sneakers,0
9,Platinum,42,944.76,Clothing,26/10/2023,Hotel manager,Weekly,Sneakers,1
10,,15,1994.79,Electronics,20/4/2023,Medical secretary,Monthly,Laptop,0
11,Silver,44,873.21,Electronics,22/6/2023,"Administrator, Civil Service",Monthly,Smartwatch,1
12,Bronze,44,1775.34,Clothing,11/2/2023,Proofreader,Bi-weekly,Dress,0
13,Gold,33,1535.83,Home Goods,12/11/2023,Community arts worker,Bi-weekly,Coffee Maker,0
14,Bronze,39,682.10,Electronics,9/11/2023,Insurance claims handler,Bi-weekly,Headphones,0
15,Bronze,6,1477.22,Electronics,8/4/2023,Licensed conveyancer,Weekly,Smartwatch,0
16,Platinum,14,1861.38,Home Goods,17/1/2023,Hospital doctor,Weekly,Lamp,1
17,Platinum,8,533.42,Electronics,16/7/2023,Technical author,Daily,Smartphone,0
18,Bronze,15,181.43,Electronics,20/7/2023,"Production assistant, radio",Daily,Headphones,1
19,Silver,47,1874.25,Home Goods,16/3/2023,Tour manager,Monthly,Lamp,1
20,Bronze,43,890.55,Clothing,9/6/2023,Advertising account planner,Monthly,T-Shirt,0
21,Gold,7,534.88,Electronics,6/4/2023,Geophysicist/field seismologist,Monthly,Smartphone,1
22,Bronze,29,1625.64,Home Goods,16/11/2023,Adult guidance worker,Daily,Couch,0
23,Platinum,32,988.65,Clothing,6/12/2023,Community pharmacist,Weekly,Dress,1
24,Platinum,45,1916.77,Home Goods,1/2/2023,Exhibition designer,Monthly,Bedding Set,0
25,Bronze,48,661.53,Electronics,12/3/2023,"Clinical scientist, histocompatibility and immunogenetics",Monthly,Smartphone,0
26,Silver,5,1210.32,Home Goods,7/9/2023,Lobbyist,Monthly,Coffee Maker,0
27,Platinum,43,1188.16,Home Goods,28/7/2023,Company secretary,Bi-weekly,Bedding Set,0
28,,43,1308.73,Clothing,28/7/2023,Patent attorney,Daily,T-Shirt,0
29,Gold,9,1869.86,Electronics,2/9/2023,Purchasing manager,Bi-weekly,Smartwatch,1
30,Bronze,43,1643.35,Clothing,31/1/2023,Careers information officer,Daily,Jeans,1
31,Silver,18,599.42,Electronics,14/7/2023,"Conservation officer, nature",Weekly,Headphones,1
32,Bronze,41,875.97,Clothing,14/12/2023,Sports administrator,Daily,Jeans,1
33,,36,1426.05,Home Goods,1/1/2024,Communications engineer,Daily,Coffee Maker,0
34,Silver,28,298.52,Clothing,3/7/2023,"Engineer, technical sales",Daily,Jeans,0
35,Gold,50,1141.77,Clothing,22/2/2023,Risk manager,Weekly,Jeans,0
36,Bronze,12,1486.30,Clothing,9/6/2023,"Surveyor, commercial/residential",Weekly,T-Shirt,1
37,Silver,13,1642.34,Clothing,10/7/2023,Electronics engineer,Bi-weekly,Jeans,0
38,Silver,26,690.11,Electronics,16/8/2023,"Surveyor, mining",Bi-weekly,Smartwatch,1
39,Gold,12,1182.15,Clothing,17/12/2023,"Buyer, industrial",Daily,Sneakers,1
40,Bronze,25,1804.03,Electronics,28/8/2023,Heritage manager,Daily,Laptop,0
41,Bronze,43,1845.50,Home Goods,29/7/2023,Data scientist,Daily,Bedding Set,1
42,Gold,26,1409.56,Home Goods,1/11/2023,Higher education lecturer,Weekly,Lamp,0
43,Gold,26,1118.48,Electronics,3/8/2023,Museum/gallery curator,Bi-weekly,Headphones,1
44,Silver,33,972.71,Home Goods,11/10/2023,Cartographer,Daily,Bedding Set,0
45,Gold,15,1622.80,Electronics,24/12/2023,Catering manager,Daily,Smartwatch,0
46,Silver,46,1407.89,Clothing,15/6/2023,"Therapist, nutritional",Weekly,T-Shirt,0
47,Silver,45,1060.02,Electronics,26/3/2023,Energy manager,Weekly,Laptop,1
48,Gold,49,1788.28,Home Goods,22/4/2023,Actuary,Monthly,Lamp,0
49,Platinum,17,1515.96,Home Goods,17/8/2023,TEFL teacher,Monthly,Bedding Set,1
50,Gold,16,579.84,Clothing,4/4/2023,Lexicographer,Daily,Jeans,1
51,Silver,5,858.99,Clothing,3/4/2023,Warehouse manager,Monthly,Jeans,1
52,Bronze,49,1172.60,Clothing,2/1/2024,Arboriculturist,Bi-weekly,Dress,1
53,Silver,32,477.87,Clothing,2/5/2023,Immigration officer,Daily,Dress,0
54,Bronze,26,1204.19,Home Goods,23/12/2023,"Radiographer, diagnostic",Daily,Coffee Maker,1
55,Gold,25,688.34,Clothing,22/7/2023,Travel agency manager,Bi-weekly,Dress,1
56,Bronze,31,87.80,Home Goods,10/12/2023,Financial risk analyst,Bi-weekly,Couch,0
57,Silver,2,1261.60,Electronics,2/11/2023,Educational psychologist,Monthly,Smartphone,1
58,Gold,11,1231.49,Home Goods,8/11/2023,Primary school teacher,Weekly,Couch,0
59,Platinum,26,1885.87,Electronics,28/11/2023,"Engineer, communications",Weekly,Headphones,0
60,,35,885.34,Clothing,1/12/2023,Music tutor,Bi-weekly,Dress,1
61,Gold,41,1788.57,Clothing,8/1/2023,"Engineer, production",Weekly,Sneakers,1
62,Gold,21,1710.84,Electronics,16/8/2023,Oncologist,Monthly,Smartwatch,1
63,Platinum,21,404.59,Electronics,8/7/2023,Systems developer,Bi-weekly,Headphones,0
64,Bronze,16,1454.15,Clothing,27/3/2023,Cartographer,Weekly,Dress,1
65,Gold,15,838.58,Electronics,2/8/2023,Museum/gallery exhibitions officer,Bi-weekly,Headphones,1
66,Gold,23,1420.57,Clothing,2/8/2023,Event organiser,Bi-weekly,Jeans,1
67,Silver,13,471.95,Clothing,17/8/2023,Farm manager,Bi-weekly,Jeans,1
68,,20,77.59,Home Goods,2/11/2023,Patent examiner,Bi-weekly,Couch,1
69,Platinum,7,1751.80,Home Goods,13/8/2023,Exhibition designer,Monthly,Bedding Set,0
70,Platinum,8,1653.13,Clothing,29/4/2023,Patent examiner,Daily,T-Shirt,0
71,Gold,6,1988.14,Electronics,26/3/2023,Race relations officer,Monthly,Smartphone,1
72,Gold,38,1980.56,Clothing,20/3/2023,Psychotherapist,Daily,T-Shirt,0
73,Gold,43,208.32,Electronics,9/10/2023,"Engineer, chemical",Daily,Smartwatch,1
74,Platinum,19,113.65,Clothing,9/1/2023,Clothing/textile technologist,Bi-weekly,Dress,0
75,Gold,41,1200.09,Electronics,2/6/2023,Visual merchandiser,Daily,Smartphone,1
76,Bronze,11,1595.63,Home Goods,20/3/2023,Chartered management accountant,Bi-weekly,Lamp,1
77,Gold,33,1102.96,Clothing,25/11/2023,Accounting technician,Daily,Sneakers,1
78,Silver,44,1680.12,Home Goods,11/3/2023,Landscape architect,Daily,Bedding Set,0
79,Platinum,18,403.90,Home Goods,27/5/2023,Accounting technician,Monthly,Lamp,1
80,Gold,43,253.97,Electronics,21/7/2023,Theatre director,Monthly,Headphones,1
81,Platinum,6,663.31,Clothing,7/11/2023,Acupuncturist,Monthly,T-Shirt,1
82,Silver,34,755.47,Clothing,19/2/2023,Environmental health practitioner,Monthly,Jeans,1
83,Gold,29,1767.65,Clothing,4/11/2023,Printmaker,Daily,Jeans,0
84,Bronze,36,845.58,Electronics,8/11/2023,Ecologist,Monthly,Smartphone,1
85,Gold,27,1677.71,Clothing,3/9/2023,"Engineer, civil (consulting)",Monthly,Dress,0
86,Silver,5,588.68,Clothing,15/7/2023,"Administrator, education",Bi-weekly,Sneakers,1
87,Platinum,10,920.77,Clothing,13/7/2023,Market researcher,Bi-weekly,Dress,1
88,Silver,37,796.79,Clothing,14/12/2023,"Engineer, structural",Bi-weekly,Dress,1
89,Silver,32,1931.41,Electronics,23/4/2023,Fine artist,Bi-weekly,Smartwatch,0
90,Bronze,47,331.10,Home Goods,18/10/2023,Dancer,Daily,Bedding Set,1
91,Platinum,42,206.61,Clothing,25/1/2023,Professor Emeritus,Monthly,Dress,0
92,Silver,41,1384.58,Clothing,11/9/2023,"Therapist, occupational",Daily,T-Shirt,0
93,Gold,2,139.68,Electronics,8/8/2023,"Engineer, electrical",Bi-weekly,Smartphone,0
94,Silver,11,391.39,Home Goods,24/6/2023,Sports therapist,Weekly,Coffee Maker,0
95,Gold,30,547.89,Electronics,12/5/2023,Control and instrumentation engineer,Bi-weekly,Smartphone,0
96,Gold,41,1925.96,Home Goods,30/8/2023,Ranger/warden,Monthly,Coffee Maker,1
97,,25,1165.25,Home Goods,7/8/2023,Podiatrist,Bi-weekly,Lamp,1
98,Bronze,39,1503.09,Clothing,10/9/2023,"Editor, commissioning",Bi-weekly,Jeans,1
99,Silver,41,239.47,Home Goods,9/2/2023,"Designer, furniture",Daily,Lamp,0
100,Silver,6,1823.77,Clothing,7/6/2023,"Development worker, international aid",Weekly,Sneakers,1
101,Platinum,19,1505.79,Clothing,8/11/2023,Firefighter,Monthly,Jeans,0
102,Platinum,36,763.26,Clothing,29/12/2023,Brewing technologist,Bi-weekly,Dress,1
103,Gold,38,793.00,Home Goods,29/6/2023,Financial manager,Daily,Lamp,0
104,Gold,40,481.67,Electronics,14/2/2023,"Therapist, speech and language",Monthly,Headphones,1
105,Bronze,3,643.51,Clothing,7/11/2023,Food technologist,Daily,Jeans,1
106,Platinum,38,1497.42,Electronics,7/6/2023,Wellsite geologist,Daily,Smartwatch,1
107,Gold,14,914.60,Electronics,4/7/2023,Armed forces logistics/support/administrative officer,Daily,Headphones,1
108,Gold,13,1938.00,Clothing,20/11/2023,"Journalist, newspaper",Weekly,T-Shirt,0
109,Silver,37,450.15,Home Goods,21/9/2023,Communications engineer,Weekly,Coffee Maker,1
110,Bronze,18,1723.89,Electronics,31/10/2023,Medical secretary,Bi-weekly,Laptop,0
111,,16,1198.26,Electronics,8/10/2023,Special educational needs teacher,Bi-weekly,Smartwatch,0
112,Platinum,29,1567.13,Home Goods,8/3/2023,"Engineer, manufacturing",Daily,Coffee Maker,0
113,Gold,30,1304.51,Electronics,5/12/2023,"Pharmacist, community",Monthly,Smartwatch,0
114,,5,1803.57,Clothing,28/2/2023,Scientific laboratory technician,Weekly,Sneakers,1
115,Gold,30,1035.82,Clothing,16/11/2023,Community education officer,Daily,Jeans,1
116,Platinum,22,1663.47,Clothing,7/6/2023,"Doctor, general practice",Daily,Sneakers,1
117,,5,227.89,Electronics,19/11/2023,Visual merchandiser,Monthly,Headphones,0
118,Gold,43,288.35,Clothing,30/1/2023,Estate manager/land agent,Monthly,T-Shirt,1
119,Gold,7,1176.94,Electronics,18/10/2023,Chartered certified accountant,Monthly,Laptop,1
120,Bronze,49,593.21,Electronics,31/5/2023,Cartographer,Daily,Headphones,0
121,,22,734.50,Electronics,24/10/2023,"Copywriter, advertising",Monthly,Laptop,0
122,Silver,25,868.67,Clothing,17/10/2023,"Surveyor, minerals",Bi-weekly,Sneakers,0
123,Silver,49,1254.78,Home Goods,25/11/2023,Warehouse manager,Bi-weekly,Lamp,1
124,Platinum,18,470.36,Home Goods,8/11/2023,"Designer, exhibition/display",Bi-weekly,Bedding Set,1
125,Gold,3,480.01,Home Goods,8/12/2023,"Engineer, production",Daily,Coffee Maker,0
126,Gold,8,65.07,Home Goods,30/5/2023,"Administrator, Civil Service",Weekly,Coffee Maker,1
127,Bronze,28,86.55,Electronics,29/7/2023,Diagnostic radiographer,Monthly,Smartwatch,1
128,,21,385.15,Home Goods,15/5/2023,"Scientist, research (medical)",Bi-weekly,Couch,0
129,Platinum,34,203.36,Clothing,16/7/2023,Energy engineer,Weekly,Jeans,0
130,Bronze,34,1044.41,Clothing,10/7/2023,"Development worker, community",Weekly,Jeans,1
131,Silver,49,1530.35,Electronics,7/10/2023,"Programme researcher, broadcasting/film/video",Monthly,Smartwatch,1
132,Silver,29,183.16,Clothing,16/2/2023,Geochemist,Bi-weekly,T-Shirt,1
133,,30,931.23,Electronics,1/7/2023,Warden/ranger,Bi-weekly,Laptop,1
134,Bronze,29,1822.65,Home Goods,6/2/2023,Radiation protection practitioner,Weekly,Lamp,0
135,,22,1965.65,Electronics,22/4/2023,"Scientist, product/process development",Weekly,Smartwatch,1
136,Silver,24,777.06,Clothing,21/6/2023,Printmaker,Monthly,T-Shirt,1
137,Bronze,36,1372.84,Clothing,29/8/2023,Health and safety inspector,Weekly,Jeans,1
138,Platinum,9,1210.33,Electronics,31/7/2023,Health service manager,Monthly,Headphones,0
139,Bronze,42,1357.39,Home Goods,4/7/2023,Microbiologist,Daily,Coffee Maker,0
140,Silver,15,1999.95,Electronics,27/11/2023,Environmental education officer,Bi-weekly,Laptop,0
141,Silver,39,784.60,Electronics,5/10/2023,Contracting civil engineer,Weekly,Laptop,1
142,Silver,29,1240.66,Home Goods,21/5/2023,Careers information officer,Weekly,Bedding Set,1
143,Platinum,30,1550.41,Clothing,23/4/2023,Chief Financial Officer,Monthly,Jeans,0
144,Platinum,24,1131.35,Electronics,6/1/2023,Insurance underwriter,Daily,Smartphone,1
145,Silver,28,228.84,Electronics,20/5/2023,"Restaurant manager, fast food",Bi-weekly,Smartwatch,0
146,,16,803.02,Electronics,28/6/2023,Network engineer,Weekly,Laptop,1
147,Bronze,19,1838.92,Clothing,14/1/2023,Call centre manager,Weekly,Dress,1
148,Bronze,2,549.05,Electronics,31/3/2023,Ceramics designer,Monthly,Headphones,0
149,Bronze,16,868.66,Home Goods,16/5/2023,Cytogeneticist,Daily,Lamp,0
150,Silver,46,329.97,Clothing,5/1/2024,Newspaper journalist,Bi-weekly,Dress,0
151,Bronze,34,1950.58,Electronics,11/4/2023,Colour technologist,Daily,Smartwatch,0
152,Gold,17,1507.27,Clothing,2/12/2023,Horticultural consultant,Bi-weekly,T-Shirt,1
153,Gold,35,710.17,Home Goods,8/10/2023,Licensed conveyancer,Monthly,Lamp,0
154,Platinum,3,622.21,Electronics,25/9/2023,Ship broker,Daily,Headphones,1
155,Gold,3,1518.92,Electronics,12/8/2023,Interpreter,Bi-weekly,Laptop,1
156,Gold,28,1784.50,Home Goods,25/5/2023,Civil Service fast streamer,Monthly,Coffee Maker,1
157,Gold,34,570.11,Electronics,2/6/2023,Chiropractor,Daily,Smartphone,1
158,Bronze,21,1338.79,Clothing,22/5/2023,Tour manager,Monthly,Dress,1
159,,40,1996.39,Clothing,12/2/2023,Archivist,Daily,Dress,1
160,,2,328.42,Home Goods,23/1/2023,"Programme researcher, broadcasting/film/video",Monthly,Couch,0
161,Gold,25,1901.46,Electronics,2/3/2023,Trade union research officer,Weekly,Headphones,1
162,Silver,34,765.55,Clothing,7/2/2023,Banker,Bi-weekly,T-Shirt,0
163,Platinum,34,804.63,Home Goods,6/11/2023,"Scientist, audiological",Bi-weekly,Lamp,0
164,Platinum,13,289.14,Electronics,19/5/2023,"Surveyor, mining",Weekly,Smartwatch,0
165,Gold,46,176.63,Home Goods,10/8/2023,"Merchandiser, retail",Bi-weekly,Coffee Maker,1
166,Bronze,13,1594.53,Electronics,28/4/2023,Ranger/warden,Daily,Headphones,1
167,Bronze,5,653.12,Home Goods,5/5/2023,Leisure centre manager,Monthly,Couch,0
168,Bronze,29,958.37,Home Goods,13/7/2023,Occupational hygienist,Weekly,Coffee Maker,0
169,Bronze,8,1060.30,Clothing,13/10/2023,Town planner,Weekly,Jeans,1
170,Bronze,17,432.79,Home Goods,18/8/2023,Herbalist,Weekly,Couch,0
171,Silver,11,1334.53,Home Goods,2/3/2023,"Engineer, biomedical",Bi-weekly,Couch,0
172,Gold,42,461.08,Home Goods,6/6/2023,Clinical biochemist,Daily,Bedding Set,1
173,Platinum,20,934.41,Home Goods,6/12/2023,Corporate investment banker,Weekly,Lamp,1
174,Silver,21,1729.90,Clothing,13/7/2023,Geochemist,Monthly,Sneakers,0
175,,8,571.57,Electronics,25/10/2023,Firefighter,Daily,Smartwatch,1
176,Gold,37,1456.20,Electronics,16/10/2023,"Designer, television/film set",Monthly,Smartwatch,1
177,Bronze,6,1893.20,Home Goods,16/5/2023,"Administrator, education",Weekly,Bedding Set,0
178,Platinum,39,1770.56,Home Goods,26/1/2023,Tax inspector,Monthly,Couch,0
179,Gold,47,763.27,Clothing,2/7/2023,Forest/woodland manager,Daily,Jeans,1
180,Bronze,25,1033.30,Home Goods,15/8/2023,Communications engineer,Daily,Couch,1
181,Gold,49,331.32,Home Goods,20/4/2023,"Production assistant, radio",Monthly,Couch,0
182,Gold,31,1062.70,Electronics,1/3/2023,Barista,Weekly,Headphones,0
183,Gold,38,705.93,Home Goods,8/4/2023,Arboriculturist,Monthly,Bedding Set,1
184,Gold,44,263.73,Clothing,13/3/2023,Commissioning editor,Bi-weekly,T-Shirt,1
185,Silver,47,150.14,Clothing,10/10/2023,Restaurant manager,Monthly,Jeans,0
186,Bronze,13,86.93,Clothing,5/6/2023,Learning mentor,Weekly,Jeans,1
187,Platinum,48,1468.43,Home Goods,27/10/2023,Special effects artist,Weekly,Lamp,1
188,Platinum,35,717.54,Clothing,24/1/2023,Personal assistant,Bi-weekly,Jeans,0
189,Gold,15,1885.90,Clothing,11/8/2023,Insurance broker,Weekly,Dress,1
190,Gold,19,287.65,Home Goods,2/4/2023,Radio producer,Monthly,Lamp,1
191,Bronze,19,1912.86,Electronics,12/7/2023,Arts development officer,Monthly,Smartwatch,0
192,Gold,36,1407.53,Electronics,11/11/2023,"Therapist, drama",Weekly,Smartphone,0
193,,22,1448.85,Electronics,22/1/2023,"Accountant, chartered",Weekly,Smartphone,1
194,Platinum,42,438.94,Clothing,25/7/2023,Prison officer,Bi-weekly,T-Shirt,0
195,Bronze,12,864.88,Electronics,18/12/2023,Commissioning editor,Monthly,Smartphone,1
196,Gold,37,1225.43,Clothing,13/8/2023,Amenity horticulturist,Monthly,Dress,0
197,Gold,13,1627.19,Clothing,14/10/2023,Planning and development surveyor,Monthly,Jeans,0
198,Gold,37,1365.08,Electronics,8/10/2023,Waste management officer,Monthly,Headphones,0
199,,12,1964.29,Clothing,24/7/2023,Newspaper journalist,Weekly,Dress,0
200,Gold,20,1185.80,Home Goods,31/12/2023,Manufacturing engineer,Bi-weekly,Coffee Maker,0
201,Platinum,20,361.45,Home Goods,23/4/2023,"Geneticist, molecular",Bi-weekly,Bedding Set,1
202,Silver,9,982.45,Clothing,1/3/2023,Industrial buyer,Bi-weekly,Dress,0
203,Bronze,34,921.16,Home Goods,4/7/2023,Film/video editor,Daily,Couch,0
204,Silver,37,1096.49,Electronics,22/7/2023,Camera operator,Monthly,Smartphone,1
205,Platinum,4,934.19,Home Goods,7/6/2023,Leisure centre manager,Monthly,Lamp,1
206,,17,1642.08,Home Goods,16/9/2023,Community arts worker,Daily,Bedding Set,0
207,Bronze,31,111.88,Clothing,5/10/2023,Production engineer,Weekly,Dress,1
208,Platinum,25,206.49,Home Goods,4/4/2023,"Social research officer, government",Weekly,Bedding Set,0
209,Platinum,34,298.33,Electronics,4/1/2024,"Psychologist, occupational",Daily,Smartwatch,1
210,Silver,16,948.22,Electronics,17/8/2023,Retail buyer,Weekly,Laptop,0
211,Bronze,16,451.86,Electronics,7/3/2023,Sport and exercise psychologist,Daily,Laptop,0
212,Platinum,29,506.96,Electronics,8/12/2023,"Psychologist, prison and probation services",Weekly,Headphones,0
213,Gold,37,1215.94,Home Goods,25/7/2023,Contracting civil engineer,Weekly,Coffee Maker,0
214,Gold,4,1135.60,Home Goods,8/10/2023,Production manager,Monthly,Couch,1
215,Platinum,34,671.53,Clothing,10/6/2023,Museum education officer,Weekly,Jeans,1
216,Gold,46,331.49,Clothing,7/12/2023,Personal assistant,Monthly,Jeans,1
217,Silver,22,1311.08,Clothing,30/6/2023,Environmental manager,Daily,Jeans,0
218,Bronze,5,416.92,Home Goods,27/1/2023,"Clinical scientist, histocompatibility and immunogenetics",Weekly,Bedding Set,1
219,Silver,48,278.77,Clothing,3/9/2023,Artist,Weekly,Jeans,1
220,Platinum,35,1315.01,Clothing,25/8/2023,"Teacher, special educational needs",Bi-weekly,Dress,1
221,Platinum,49,1687.48,Electronics,30/6/2023,English as a second language teacher,Bi-weekly,Smartphone,0
222,Platinum,19,347.20,Clothing,10/9/2023,Industrial buyer,Monthly,Jeans,1
223,Gold,17,1538.55,Clothing,11/2/2023,Media buyer,Monthly,Sneakers,0
224,Platinum,12,1837.95,Home Goods,11/2/2023,Psychotherapist,Daily,Couch,0
225,Silver,41,501.30,Home Goods,20/10/2023,Chartered accountant,Daily,Lamp,1
226,,43,1001.32,Electronics,8/4/2023,Insurance account manager,Monthly,Headphones,1
227,Platinum,12,258.68,Electronics,12/4/2023,Audiological scientist,Weekly,Headphones,1
228,Bronze,24,1920.63,Clothing,22/3/2023,"Scientist, research (life sciences)",Weekly,Jeans,1
229,,6,840.29,Clothing,29/3/2023,Ranger/warden,Monthly,T-Shirt,0
230,Platinum,42,1579.53,Home Goods,18/11/2023,"Therapist, drama",Daily,Lamp,1
231,,35,1148.84,Electronics,6/10/2023,Arts development officer,Bi-weekly,Smartphone,0
232,Bronze,20,366.78,Electronics,21/3/2023,Advertising account planner,Monthly,Headphones,1
233,Bronze,33,1503.64,Clothing,9/12/2023,Make,Daily,T-Shirt,1
234,Platinum,50,686.43,Home Goods,19/8/2023,Multimedia programmer,Monthly,Bedding Set,1
235,,6,1555.73,Clothing,1/9/2023,Higher education lecturer,Daily,Jeans,1
236,,48,809.76,Clothing,12/11/2023,Electronics engineer,Daily,Sneakers,1
237,Bronze,9,220.23,Clothing,21/5/2023,Homeopath,Monthly,T-Shirt,1
238,Gold,25,74.06,Clothing,21/6/2023,"Editor, magazine features",Daily,Jeans,0
239,,9,574.39,Clothing,28/4/2023,Leisure centre manager,Weekly,Dress,1
240,Platinum,5,754.19,Electronics,19/2/2023,"Buyer, retail",Monthly,Smartphone,1
241,Gold,1,1900.21,Clothing,22/2/2023,"Engineer, civil (contracting)",Monthly,Sneakers,1
242,Silver,20,675.30,Home Goods,25/9/2023,"Conservator, museum/gallery",Monthly,Lamp,1
243,Platinum,37,1574.85,Clothing,27/6/2023,Learning disability nurse,Bi-weekly,Dress,1
244,Silver,38,1994.67,Electronics,21/1/2023,Chartered loss adjuster,Daily,Smartwatch,0
245,Bronze,27,1362.31,Electronics,15/2/2023,Broadcast journalist,Bi-weekly,Smartphone,1
246,Platinum,39,984.51,Clothing,7/4/2023,Theatre stage manager,Monthly,Sneakers,0
247,Gold,11,1311.65,Electronics,23/3/2023,Chief Strategy Officer,Monthly,Headphones,1
248,Bronze,17,482.90,Home Goods,15/4/2023,"Scientist, research (life sciences)",Weekly,Lamp,1
249,Silver,23,1995.52,Clothing,13/11/2023,Financial manager,Bi-weekly,T-Shirt,0
250,Gold,20,718.98,Electronics,14/4/2023,Quarry manager,Monthly,Laptop,1
251,,21,180.99,Electronics,7/1/2023,"Radiographer, therapeutic",Daily,Headphones,0
252,Silver,34,390.18,Electronics,20/7/2023,"Production designer, theatre/television/film",Monthly,Smartphone,1
253,Silver,41,1331.75,Clothing,22/12/2023,"Scientist, water quality",Weekly,Dress,1
254,Silver,14,592.77,Home Goods,4/12/2023,Child psychotherapist,Daily,Coffee Maker,1
255,Platinum,8,561.59,Clothing,10/4/2023,Plant breeder/geneticist,Bi-weekly,Dress,0
256,Platinum,40,386.43,Home Goods,9/1/2023,Technical author,Bi-weekly,Couch,0
257,Silver,20,278.05,Clothing,15/1/2023,Bonds trader,Weekly,Dress,0
258,Platinum,12,999.01,Home Goods,15/1/2023,Retail manager,Weekly,Lamp,1
259,Gold,29,1257.85,Clothing,1/1/2024,Software engineer,Monthly,Dress,1
260,,27,1434.78,Clothing,30/4/2023,Commercial art gallery manager,Weekly,T-Shirt,0
261,Gold,15,1098.34,Electronics,16/5/2023,"Designer, multimedia",Monthly,Laptop,0
262,Gold,35,1654.09,Electronics,25/5/2023,Commercial/residential surveyor,Weekly,Laptop,0
263,Platinum,17,729.73,Electronics,26/5/2023,Multimedia specialist,Daily,Smartphone,0
264,Gold,46,1240.01,Clothing,13/10/2023,Herbalist,Weekly,Jeans,0
265,Gold,39,1100.60,Clothing,10/1/2023,Health and safety inspector,Bi-weekly,Sneakers,0
266,Bronze,18,1740.74,Electronics,11/1/2023,"Engineer, aeronautical",Weekly,Headphones,0
267,Platinum,10,1175.98,Clothing,18/2/2023,Retail buyer,Monthly,T-Shirt,0
268,Gold,45,1875.86,Clothing,18/5/2023,Occupational psychologist,Monthly,T-Shirt,0
269,Gold,5,1601.57,Clothing,16/9/2023,"Librarian, academic",Monthly,Dress,1
270,Gold,36,1176.97,Home Goods,2/5/2023,Games developer,Bi-weekly,Couch,0
271,,2,292.26,Electronics,25/5/2023,Purchasing manager,Monthly,Smartwatch,0
272,Gold,11,1755.13,Clothing,19/11/2023,Government social research officer,Bi-weekly,Sneakers,0
273,Gold,47,1413.91,Electronics,31/5/2023,Ranger/warden,Daily,Laptop,0
274,,38,491.07,Home Goods,23/5/2023,"Surveyor, commercial/residential",Daily,Bedding Set,0
275,Silver,31,188.12,Clothing,21/11/2023,Museum/gallery curator,Daily,Sneakers,1
276,Silver,42,1986.23,Electronics,1/12/2023,Mental health nurse,Daily,Smartphone,1
277,Silver,41,1509.12,Clothing,24/2/2023,Field seismologist,Monthly,T-Shirt,0
278,Platinum,23,1928.33,Clothing,26/10/2023,Community development worker,Weekly,T-Shirt,0
279,Gold,50,1885.49,Electronics,2/2/2023,Community development worker,Bi-weekly,Smartphone,1
280,Bronze,16,1015.03,Electronics,4/9/2023,Early years teacher,Monthly,Laptop,0
281,Silver,25,1728.59,Home Goods,4/6/2023,Senior tax professional/tax inspector,Bi-weekly,Coffee Maker,1
282,Bronze,1,561.26,Electronics,6/12/2023,Higher education lecturer,Monthly,Smartwatch,1
283,,41,1096.30,Home Goods,19/10/2023,"Surveyor, land/geomatics",Bi-weekly,Couch,0
284,Gold,26,1193.55,Home Goods,22/1/2023,"Surveyor, insurance",Daily,Lamp,0
285,Bronze,28,276.17,Home Goods,28/2/2023,"Engineer, automotive",Daily,Coffee Maker,0
286,Silver,45,72.13,Clothing,12/7/2023,"Journalist, magazine",Bi-weekly,Jeans,1
287,Bronze,22,1623.86,Clothing,12/4/2023,"Designer, blown glass/stained glass",Daily,T-Shirt,1
288,Gold,4,1024.24,Home Goods,12/10/2023,Transport planner,Bi-weekly,Couch,0
289,Bronze,3,1724.44,Electronics,2/9/2023,Multimedia specialist,Daily,Smartwatch,0
290,Platinum,15,677.51,Clothing,26/7/2023,Museum/gallery conservator,Bi-weekly,Sneakers,0
291,,12,485.21,Home Goods,13/12/2023,Television camera operator,Monthly,Lamp,1
292,Bronze,36,940.66,Clothing,25/9/2023,Television/film/video producer,Bi-weekly,Sneakers,0
293,Platinum,50,1562.98,Home Goods,1/4/2023,Tourism officer,Weekly,Lamp,0
294,Gold,41,1687.17,Electronics,18/7/2023,"Psychologist, clinical",Daily,Smartwatch,1
295,,27,1009.46,Electronics,25/10/2023,Curator,Bi-weekly,Smartphone,1
296,Platinum,48,215.56,Electronics,22/4/2023,"Engineer, electronics",Weekly,Smartwatch,0
297,Bronze,28,1341.77,Electronics,6/9/2023,"Investment banker, corporate",Bi-weekly,Headphones,1
298,Gold,21,932.88,Electronics,28/11/2023,Dramatherapist,Weekly,Laptop,0
299,Platinum,30,662.36,Electronics,6/4/2023,Art therapist,Bi-weekly,Smartphone,1
300,Gold,8,226.32,Home Goods,3/8/2023,Museum/gallery exhibitions officer,Daily,Bedding Set,0
301,Silver,23,822.68,Electronics,24/1/2023,"Investment banker, operational",Bi-weekly,Smartphone,0
302,,7,950.98,Electronics,4/11/2023,Neurosurgeon,Daily,Smartphone,0
303,Gold,44,1279.08,Home Goods,23/11/2023,Sales executive,Bi-weekly,Couch,0
304,Platinum,9,229.36,Clothing,4/11/2023,Leisure centre manager,Daily,T-Shirt,0
305,Platinum,32,107.49,Home Goods,1/6/2023,Landscape architect,Weekly,Coffee Maker,1
306,Silver,3,1247.51,Home Goods,2/9/2023,Careers information officer,Bi-weekly,Lamp,0
307,Platinum,9,867.51,Home Goods,11/4/2023,"Producer, radio",Weekly,Couch,1
308,Platinum,35,1573.80,Clothing,22/3/2023,Immunologist,Bi-weekly,Jeans,0
309,Silver,2,1796.74,Clothing,7/12/2023,Occupational hygienist,Monthly,Jeans,0
310,Silver,18,1090.69,Home Goods,8/12/2023,Water engineer,Weekly,Lamp,1
311,Silver,38,670.11,Home Goods,13/1/2023,Lawyer,Bi-weekly,Couch,1
312,Silver,37,1899.32,Clothing,3/4/2023,Best boy,Bi-weekly,T-Shirt,0
313,Silver,2,1076.57,Electronics,20/7/2023,Osteopath,Weekly,Headphones,0
314,Bronze,10,1193.89,Electronics,10/11/2023,Hospital doctor,Bi-weekly,Headphones,1
315,Gold,20,679.08,Electronics,27/5/2023,"Engineer, chemical",Monthly,Smartphone,1
316,Silver,25,648.31,Home Goods,8/8/2023,"Merchandiser, retail",Weekly,Couch,1
317,Silver,39,670.52,Home Goods,14/9/2023,Hydrogeologist,Daily,Coffee Maker,1
318,Silver,23,1965.64,Electronics,14/2/2023,Ceramics designer,Daily,Headphones,1
319,Silver,16,1401.69,Clothing,27/8/2023,Archivist,Daily,T-Shirt,1
320,Platinum,11,1774.88,Clothing,26/6/2023,Prison officer,Bi-weekly,T-Shirt,1
321,Silver,11,930.01,Electronics,8/8/2023,Clinical biochemist,Daily,Laptop,0
322,Platinum,11,1477.37,Home Goods,19/11/2023,Minerals surveyor,Bi-weekly,Lamp,0
323,Silver,39,1785.02,Electronics,9/12/2023,Lobbyist,Daily,Smartphone,1
324,Gold,43,598.97,Electronics,17/11/2023,"Designer, industrial/product",Daily,Smartwatch,0
325,Bronze,28,220.88,Home Goods,19/2/2023,"Engineer, energy",Monthly,Couch,0
326,Gold,6,973.46,Electronics,1/8/2023,Printmaker,Monthly,Headphones,0
327,Platinum,12,773.49,Clothing,30/6/2023,Music tutor,Weekly,Sneakers,1
328,,18,1150.28,Electronics,14/1/2023,Osteopath,Daily,Headphones,1
329,Bronze,25,1645.89,Clothing,6/4/2023,Architect,Monthly,Jeans,1
330,Platinum,46,117.72,Home Goods,16/4/2023,Health service manager,Weekly,Lamp,0
331,Silver,9,133.22,Electronics,21/1/2023,Art gallery manager,Monthly,Smartphone,1
332,Bronze,6,806.79,Clothing,29/3/2023,Art therapist,Bi-weekly,Dress,0
333,Platinum,8,858.16,Electronics,21/3/2023,Horticultural consultant,Daily,Laptop,1
334,,17,796.93,Clothing,19/3/2023,Retail buyer,Monthly,Sneakers,1
335,,3,821.80,Clothing,17/1/2023,Firefighter,Weekly,Dress,1
336,Gold,20,656.35,Clothing,14/1/2023,Clinical cytogeneticist,Daily,Jeans,0
337,Platinum,50,1660.36,Clothing,6/6/2023,"Engineer, manufacturing",Daily,Jeans,1
338,Gold,4,1054.78,Electronics,3/12/2023,"Therapist, occupational",Bi-weekly,Smartwatch,0
339,,12,425.89,Electronics,7/12/2023,Chartered management accountant,Weekly,Laptop,1
340,Gold,24,1655.84,Home Goods,16/6/2023,Biomedical scientist,Daily,Coffee Maker,1
341,Platinum,12,1923.01,Clothing,11/3/2023,Trade mark attorney,Bi-weekly,Sneakers,0
342,Platinum,4,367.67,Home Goods,18/9/2023,Chartered certified accountant,Weekly,Coffee Maker,1
343,Bronze,50,1935.92,Home Goods,1/1/2024,Clinical cytogeneticist,Monthly,Coffee Maker,0
344,Gold,46,1935.70,Home Goods,18/8/2023,Health service manager,Monthly,Bedding Set,1
345,,20,1370.53,Home Goods,16/6/2023,Scientific laboratory technician,Daily,Bedding Set,1
346,Bronze,31,174.48,Clothing,12/2/2023,Materials engineer,Bi-weekly,Sneakers,1
347,Silver,4,1620.59,Home Goods,13/6/2023,"Education officer, museum",Bi-weekly,Couch,1
348,Platinum,26,807.14,Electronics,13/3/2023,"Surveyor, mining",Weekly,Smartphone,1
349,,11,1689.25,Home Goods,5/10/2023,Media buyer,Bi-weekly,Coffee Maker,1
350,Silver,44,1804.20,Home Goods,21/11/2023,Careers information officer,Weekly,Bedding Set,1
351,Gold,38,623.40,Electronics,10/5/2023,Chartered loss adjuster,Daily,Laptop,1
352,Bronze,44,794.25,Clothing,8/6/2023,Dancer,Daily,Jeans,0
353,Platinum,37,1791.05,Clothing,24/10/2023,Theme park manager,Bi-weekly,Jeans,0
354,Silver,21,1287.27,Electronics,19/5/2023,Soil scientist,Bi-weekly,Smartphone,0
355,Silver,40,895.74,Clothing,13/6/2023,Advertising account executive,Monthly,Dress,0
356,,47,777.55,Electronics,25/7/2023,Chief Marketing Officer,Weekly,Laptop,0
357,Gold,20,301.42,Clothing,23/4/2023,"Psychologist, sport and exercise",Bi-weekly,T-Shirt,1
358,Gold,28,1781.55,Electronics,14/7/2023,Psychiatrist,Monthly,Smartphone,0
359,Silver,15,1467.98,Electronics,19/9/2023,Wellsite geologist,Daily,Smartphone,0
360,Bronze,25,1759.26,Clothing,7/4/2023,"Surveyor, land/geomatics",Daily,T-Shirt,0
361,Bronze,45,275.79,Clothing,25/6/2023,Sales executive,Daily,Dress,0
362,Bronze,20,870.70,Electronics,31/1/2023,Wellsite geologist,Bi-weekly,Smartphone,1
363,Bronze,19,272.32,Electronics,26/4/2023,IT technical support officer,Weekly,Headphones,0
364,Platinum,19,362.73,Home Goods,26/4/2023,Legal secretary,Weekly,Lamp,1
365,Bronze,43,223.56,Electronics,18/3/2023,Chemical engineer,Monthly,Laptop,0
366,Bronze,17,1306.46,Clothing,7/8/2023,"Psychologist, clinical",Bi-weekly,T-Shirt,0
367,Gold,44,659.78,Home Goods,7/11/2023,Records manager,Daily,Couch,0
368,Silver,22,747.18,Clothing,21/2/2023,Water engineer,Bi-weekly,T-Shirt,1
369,Bronze,26,830.49,Clothing,19/8/2023,Counselling psychologist,Monthly,Dress,1
370,Bronze,9,1407.53,Electronics,16/10/2023,Communications engineer,Daily,Smartwatch,1
371,Platinum,50,749.27,Electronics,20/1/2023,Chief Marketing Officer,Weekly,Smartwatch,0
372,Bronze,5,560.15,Clothing,30/12/2023,"Journalist, broadcasting",Weekly,Sneakers,0
373,Silver,31,724.21,Home Goods,11/2/2023,Technical sales engineer,Monthly,Couch,0
374,Platinum,32,1745.36,Electronics,29/4/2023,English as a second language teacher,Bi-weekly,Headphones,0
375,Platinum,26,1643.35,Electronics,15/5/2023,Medical illustrator,Monthly,Smartwatch,0
376,Gold,8,1962.31,Home Goods,5/2/2023,Statistician,Daily,Lamp,0
377,Bronze,6,1593.98,Home Goods,13/2/2023,Tourism officer,Bi-weekly,Coffee Maker,1
378,Bronze,15,1696.42,Clothing,25/3/2023,Health promotion specialist,Monthly,Sneakers,1
379,Silver,1,715.65,Home Goods,9/8/2023,Environmental health practitioner,Bi-weekly,Couch,0
380,Platinum,7,545.86,Electronics,1/10/2023,Adult nurse,Daily,Smartwatch,0
381,Gold,7,1526.44,Electronics,15/2/2023,"Conservator, furniture",Daily,Smartwatch,1
382,Silver,32,58.46,Home Goods,12/12/2023,Town planner,Monthly,Lamp,0
383,Silver,47,1639.73,Electronics,21/6/2023,Records manager,Bi-weekly,Smartwatch,1
384,Silver,18,825.85,Clothing,8/8/2023,Marketing executive,Monthly,Jeans,1
385,Gold,45,1118.22,Clothing,6/1/2023,Sports coach,Weekly,Sneakers,1
386,Silver,33,1107.86,Home Goods,24/7/2023,Market researcher,Daily,Lamp,1
387,Gold,28,1626.19,Home Goods,12/11/2023,Sports coach,Daily,Couch,0
388,Silver,19,1382.61,Electronics,5/12/2023,"Engineer, energy",Bi-weekly,Laptop,1
389,Silver,48,1311.88,Clothing,6/9/2023,Nature conservation officer,Bi-weekly,T-Shirt,1
390,Gold,36,154.91,Home Goods,30/8/2023,Chartered certified accountant,Weekly,Lamp,0
391,Gold,49,1197.35,Home Goods,3/3/2023,"Librarian, academic",Weekly,Coffee Maker,1
392,Bronze,12,1926.83,Home Goods,17/4/2023,Ship broker,Daily,Lamp,1
393,Silver,11,1188.77,Clothing,3/1/2024,Commercial/residential surveyor,Bi-weekly,Jeans,0
394,Bronze,50,1868.14,Home Goods,1/2/2023,Archivist,Bi-weekly,Bedding Set,0
395,Silver,12,1065.18,Home Goods,16/10/2023,"Sound technician, broadcasting/film/video",Monthly,Lamp,0
396,Silver,43,697.17,Clothing,8/8/2023,Financial manager,Weekly,Dress,0
397,Gold,29,518.68,Home Goods,25/2/2023,Sub,Weekly,Bedding Set,1
398,Gold,35,1461.75,Electronics,16/4/2023,Plant breeder/geneticist,Bi-weekly,Smartwatch,1
399,Silver,21,1052.09,Electronics,12/10/2023,Horticultural consultant,Daily,Smartphone,0
400,Bronze,14,1098.62,Home Goods,28/5/2023,Furniture conservator/restorer,Daily,Coffee Maker,0
401,Gold,3,220.67,Electronics,6/10/2023,Medical physicist,Bi-weekly,Smartphone,1
402,Platinum,41,838.67,Clothing,28/12/2023,Legal secretary,Monthly,T-Shirt,0
403,Bronze,45,1704.09,Clothing,23/4/2023,Passenger transport manager,Daily,Sneakers,0
404,Platinum,26,1653.14,Electronics,8/5/2023,"Designer, multimedia",Weekly,Smartphone,1
405,Silver,20,1370.71,Home Goods,8/2/2023,Police officer,Bi-weekly,Couch,0
406,Bronze,37,1213.48,Home Goods,31/3/2023,"Engineer, broadcasting (operations)",Daily,Bedding Set,0
407,Silver,11,408.79,Home Goods,29/8/2023,Higher education careers adviser,Weekly,Couch,1
408,Bronze,19,1359.79,Clothing,16/11/2023,Radio producer,Weekly,Dress,1
409,Silver,7,606.02,Electronics,28/9/2023,Manufacturing systems engineer,Bi-weekly,Headphones,1
410,,37,1155.38,Clothing,31/5/2023,Automotive engineer,Weekly,Jeans,0
411,Platinum,18,1688.21,Electronics,23/1/2023,"Scientist, forensic",Bi-weekly,Smartwatch,1
412,Platinum,36,262.22,Home Goods,1/3/2023,"Geologist, engineering",Daily,Coffee Maker,0
413,Bronze,47,197.03,Electronics,21/4/2023,Gaffer,Daily,Smartwatch,0
414,Gold,35,1793.27,Home Goods,9/5/2023,"Lecturer, further education",Weekly,Coffee Maker,1
415,Bronze,26,759.54,Electronics,31/1/2023,"Scientist, forensic",Weekly,Smartphone,0
416,Silver,37,1899.99,Home Goods,23/10/2023,Medical sales representative,Monthly,Couch,0
417,Bronze,17,770.40,Electronics,28/1/2023,"Psychologist, sport and exercise",Weekly,Headphones,1
418,Bronze,3,1962.15,Clothing,14/11/2023,Corporate investment banker,Bi-weekly,Sneakers,0
419,Platinum,24,1195.97,Electronics,16/4/2023,"Psychologist, clinical",Bi-weekly,Smartphone,1
420,Platinum,31,1779.99,Electronics,24/4/2023,Tourist information centre manager,Weekly,Smartphone,0
421,Gold,14,342.97,Electronics,4/7/2023,"Engineer, technical sales",Daily,Smartwatch,1
422,Platinum,44,983.69,Electronics,9/3/2023,"Engineer, maintenance",Weekly,Smartwatch,0
423,Silver,37,1205.08,Electronics,17/2/2023,Theme park manager,Daily,Smartphone,0
424,Silver,34,1918.56,Home Goods,23/3/2023,"Education officer, environmental",Daily,Bedding Set,0
425,Platinum,31,382.61,Clothing,4/3/2023,"Journalist, magazine",Weekly,Jeans,1
426,Gold,30,1213.24,Electronics,10/9/2023,"Surveyor, land/geomatics",Monthly,Laptop,0
427,Platinum,10,1230.75,Electronics,7/5/2023,Forensic psychologist,Daily,Laptop,0
428,Silver,39,1101.61,Electronics,23/1/2023,"Producer, television/film/video",Monthly,Headphones,0
429,Platinum,15,1879.92,Clothing,24/6/2023,Sales executive,Bi-weekly,T-Shirt,1
430,Platinum,50,503.40,Electronics,13/8/2023,Special educational needs teacher,Monthly,Laptop,0
431,Bronze,34,64.03,Home Goods,22/9/2023,Multimedia programmer,Bi-weekly,Couch,0
432,Gold,17,1717.21,Clothing,22/3/2023,Financial trader,Bi-weekly,Dress,0
433,Platinum,12,771.92,Home Goods,3/5/2023,Merchant navy officer,Bi-weekly,Bedding Set,1
434,Bronze,48,498.05,Home Goods,15/10/2023,"Editor, magazine features",Daily,Lamp,1
435,Bronze,11,808.75,Home Goods,3/1/2024,Retail manager,Daily,Lamp,1
436,Gold,15,773.13,Home Goods,17/12/2023,Airline pilot,Monthly,Lamp,1
437,,50,1649.45,Home Goods,27/4/2023,Financial controller,Monthly,Bedding Set,0
438,Silver,40,380.49,Electronics,5/7/2023,Herbalist,Weekly,Smartphone,0
439,Gold,43,820.53,Home Goods,25/9/2023,IT technical support officer,Daily,Couch,0
440,Gold,23,1928.41,Clothing,12/9/2023,"Therapist, art",Weekly,Dress,0
441,Platinum,33,257.61,Electronics,23/4/2023,"Scientist, audiological",Bi-weekly,Laptop,1
442,Gold,45,913.40,Clothing,23/3/2023,Colour technologist,Monthly,Sneakers,1
443,Bronze,31,276.72,Electronics,24/6/2023,Naval architect,Weekly,Smartphone,1
444,Bronze,45,1672.75,Electronics,11/8/2023,Insurance broker,Daily,Headphones,0
445,Platinum,21,739.40,Home Goods,21/8/2023,"Surveyor, quantity",Weekly,Coffee Maker,1
446,Silver,48,522.01,Clothing,22/9/2023,Horticultural therapist,Weekly,Jeans,1
447,Bronze,6,1367.83,Home Goods,28/4/2023,Higher education lecturer,Daily,Couch,1
448,Gold,32,1801.34,Home Goods,18/8/2023,"Therapist, music",Monthly,Bedding Set,1
449,Silver,4,1075.18,Clothing,6/5/2023,Health visitor,Daily,Dress,0
450,Platinum,21,1393.96,Electronics,25/1/2023,Dietitian,Weekly,Laptop,1
451,Gold,12,1119.70,Electronics,21/8/2023,Chiropractor,Monthly,Headphones,1
452,Platinum,14,867.23,Clothing,3/7/2023,Merchant navy officer,Monthly,Jeans,0
453,Silver,7,1455.59,Electronics,27/3/2023,Environmental consultant,Monthly,Smartphone,0
454,Platinum,1,394.38,Clothing,29/10/2023,Artist,Bi-weekly,Sneakers,1
455,Bronze,26,243.00,Electronics,6/12/2023,Warden/ranger,Weekly,Smartwatch,0
456,Gold,17,753.88,Home Goods,26/3/2023,Medical secretary,Bi-weekly,Lamp,0
457,Silver,37,1172.99,Home Goods,5/4/2023,Health and safety inspector,Weekly,Bedding Set,1
458,Platinum,50,1486.23,Electronics,24/6/2023,Research scientist (life sciences),Bi-weekly,Smartphone,0
459,Platinum,41,1244.00,Clothing,30/11/2023,Transport planner,Daily,Jeans,1
460,Gold,46,571.57,Home Goods,17/6/2023,Commissioning editor,Bi-weekly,Bedding Set,1
461,Silver,2,293.83,Electronics,1/2/2023,Mudlogger,Bi-weekly,Laptop,0
462,,7,174.40,Clothing,31/3/2023,Higher education careers adviser,Daily,Dress,0
463,Silver,6,1326.92,Clothing,31/7/2023,"Designer, industrial/product",Weekly,Sneakers,1
464,Silver,34,1685.11,Electronics,19/12/2023,"Accountant, chartered public finance",Bi-weekly,Headphones,1
465,Gold,36,917.45,Home Goods,4/4/2023,Advertising account executive,Weekly,Lamp,1
466,Gold,23,989.22,Electronics,21/11/2023,"Geologist, wellsite",Monthly,Smartwatch,1
467,Bronze,1,1070.47,Electronics,13/7/2023,"Accountant, chartered management",Bi-weekly,Laptop,1
468,Bronze,50,889.35,Clothing,6/3/2023,"Engineer, water",Weekly,Sneakers,0
469,Platinum,26,537.30,Home Goods,9/2/2023,"Scientist, physiological",Monthly,Coffee Maker,1
470,Silver,34,1540.85,Home Goods,15/1/2023,Midwife,Bi-weekly,Bedding Set,1
471,Silver,9,614.71,Home Goods,17/5/2023,Recruitment consultant,Monthly,Lamp,0
472,Silver,4,1940.95,Electronics,2/10/2023,Barrister's clerk,Daily,Smartphone,1
473,Silver,6,343.83,Clothing,16/9/2023,Insurance claims handler,Bi-weekly,Dress,1
474,Bronze,22,206.44,Electronics,8/12/2023,"Investment banker, operational",Bi-weekly,Laptop,1
475,Gold,25,1665.09,Electronics,31/8/2023,"Engineer, mining",Monthly,Smartwatch,0
476,Silver,30,1483.88,Electronics,14/4/2023,Commercial horticulturist,Weekly,Headphones,1
477,Bronze,48,1877.97,Home Goods,4/11/2023,Diplomatic Services operational officer,Bi-weekly,Bedding Set,0
478,Silver,8,510.13,Clothing,23/7/2023,"Production assistant, radio",Daily,Sneakers,0
479,Bronze,3,1183.10,Home Goods,7/5/2023,Further education lecturer,Weekly,Couch,0
480,Bronze,44,1256.36,Home Goods,6/12/2023,"Designer, graphic",Daily,Coffee Maker,0
481,Silver,21,1964.27,Home Goods,12/7/2023,Illustrator,Monthly,Couch,1
482,Silver,17,1802.39,Clothing,9/1/2023,"Radiographer, therapeutic",Monthly,Dress,0
483,,21,1478.18,Clothing,5/3/2023,Clothing/textile technologist,Weekly,Jeans,1
484,Gold,30,51.40,Home Goods,21/4/2023,Print production planner,Monthly,Couch,1
485,Gold,47,173.52,Home Goods,21/6/2023,Equality and diversity officer,Weekly,Lamp,0
486,,27,1299.76,Electronics,17/11/2023,Farm manager,Daily,Smartphone,0
487,Bronze,32,423.65,Electronics,19/3/2023,Drilling engineer,Monthly,Headphones,0
488,Bronze,1,1863.91,Electronics,4/2/2023,Diplomatic Services operational officer,Monthly,Laptop,1
489,Gold,36,1499.78,Clothing,1/7/2023,"Scientist, biomedical",Daily,Sneakers,0
490,Gold,5,1891.98,Home Goods,17/11/2023,Airline pilot,Daily,Lamp,0
491,Silver,37,1269.38,Electronics,26/3/2023,Equities trader,Monthly,Headphones,1
492,Platinum,7,375.28,Electronics,30/3/2023,"Teacher, adult education",Monthly,Smartphone,1
493,Gold,24,854.07,Home Goods,30/5/2023,"Scientist, clinical (histocompatibility and immunogenetics)",Bi-weekly,Coffee Maker,1
494,Gold,24,1925.22,Clothing,16/6/2023,Dentist,Daily,Sneakers,0
495,,1,635.65,Electronics,18/9/2023,Sports administrator,Bi-weekly,Headphones,0
496,Platinum,23,354.41,Clothing,2/7/2023,Estate manager/land agent,Weekly,Sneakers,0
497,Silver,47,200.54,Clothing,3/5/2023,"Librarian, public",Weekly,T-Shirt,1
498,Platinum,6,1571.24,Clothing,11/7/2023,Art gallery manager,Monthly,T-Shirt,0
499,Bronze,41,1565.97,Clothing,9/12/2023,Clinical research associate,Bi-weekly,Sneakers,0
500,Silver,10,148.51,Home Goods,18/6/2023,Software engineer,Monthly,Couch,0
501,Platinum,10,307.77,Electronics,7/5/2023,Race relations officer,Daily,Headphones,0
502,Platinum,50,1410.85,Electronics,4/5/2023,Barrister,Weekly,Smartphone,0
503,Gold,50,888.63,Home Goods,17/3/2023,Recycling officer,Daily,Lamp,1
504,Silver,21,721.82,Home Goods,24/12/2023,Art gallery manager,Bi-weekly,Bedding Set,1
505,Platinum,3,1852.22,Electronics,25/9/2023,Speech and language therapist,Bi-weekly,Laptop,0
506,Silver,40,1857.12,Clothing,29/12/2023,Translator,Bi-weekly,T-Shirt,1
507,Bronze,22,457.57,Home Goods,19/9/2023,IT trainer,Weekly,Bedding Set,1
508,Silver,45,1412.57,Electronics,27/6/2023,Primary school teacher,Daily,Laptop,1
509,Gold,4,956.67,Electronics,2/12/2023,"Engineer, manufacturing",Monthly,Headphones,0
510,Platinum,15,1960.60,Home Goods,7/1/2023,Jewellery designer,Daily,Lamp,0
511,Platinum,36,1856.38,Electronics,16/12/2023,Chiropodist,Weekly,Headphones,1
512,Silver,2,726.22,Clothing,8/7/2023,Film/video editor,Bi-weekly,Sneakers,0
513,Platinum,2,1891.07,Clothing,12/9/2023,Tax adviser,Weekly,Dress,0
514,Platinum,34,1923.18,Home Goods,19/2/2023,"Designer, multimedia",Weekly,Coffee Maker,1
515,Gold,29,1107.36,Electronics,5/2/2023,"Buyer, industrial",Weekly,Smartphone,0
516,Silver,28,1991.59,Electronics,4/2/2023,Software engineer,Weekly,Laptop,0
517,Bronze,49,671.44,Clothing,9/6/2023,"Geologist, wellsite",Bi-weekly,Sneakers,0
518,Silver,12,101.09,Home Goods,24/2/2023,Bonds trader,Bi-weekly,Coffee Maker,0
519,Bronze,23,204.98,Clothing,29/10/2023,Music therapist,Monthly,Sneakers,0
520,Platinum,9,369.38,Electronics,20/12/2023,"Engineer, building services",Monthly,Laptop,1
521,Silver,49,448.90,Electronics,26/5/2023,Interpreter,Monthly,Smartwatch,0
522,Bronze,39,1483.90,Clothing,29/7/2023,"Programmer, systems",Monthly,T-Shirt,0
523,Bronze,16,1061.47,Clothing,16/12/2023,"Designer, blown glass/stained glass",Monthly,T-Shirt,0
524,Platinum,20,1558.67,Clothing,14/5/2023,"Nurse, mental health",Weekly,T-Shirt,0
525,Platinum,6,1459.16,Electronics,5/10/2023,Orthoptist,Weekly,Headphones,1
526,Platinum,38,1798.40,Electronics,18/5/2023,Administrator,Daily,Smartphone,0
527,Platinum,41,757.74,Home Goods,8/1/2023,Web designer,Monthly,Coffee Maker,1
528,Bronze,50,383.23,Clothing,22/3/2023,Landscape architect,Weekly,Jeans,0
529,Platinum,20,653.56,Clothing,11/8/2023,Charity officer,Weekly,Jeans,0
530,Gold,1,944.35,Clothing,2/4/2023,Financial manager,Daily,Dress,0
531,Platinum,30,849.80,Electronics,4/3/2023,Cartographer,Daily,Headphones,0
532,Silver,4,1323.89,Electronics,23/10/2023,"Research officer, government",Daily,Headphones,1
533,Bronze,27,1987.78,Electronics,26/1/2023,Commercial art gallery manager,Bi-weekly,Smartphone,1
534,Gold,3,231.60,Clothing,24/7/2023,Forest/woodland manager,Bi-weekly,T-Shirt,1
535,Gold,31,312.36,Home Goods,18/8/2023,Quality manager,Bi-weekly,Coffee Maker,0
536,Bronze,37,1472.97,Home Goods,10/4/2023,Transport planner,Daily,Bedding Set,1
537,Gold,34,1171.53,Home Goods,8/7/2023,Computer games developer,Weekly,Lamp,1
538,,46,616.45,Electronics,5/1/2024,"Research officer, political party",Daily,Laptop,0
539,,3,700.89,Home Goods,13/2/2023,Building surveyor,Weekly,Coffee Maker,1
540,Gold,20,1038.04,Clothing,2/1/2024,"Conservation officer, historic buildings",Daily,Sneakers,1
541,Bronze,12,428.33,Clothing,26/1/2023,Public relations officer,Monthly,T-Shirt,0
542,Platinum,35,1797.06,Clothing,8/6/2023,"Optician, dispensing",Daily,Sneakers,1
543,Bronze,14,1175.93,Clothing,8/7/2023,Social researcher,Daily,Sneakers,0
544,Silver,37,1231.09,Electronics,7/3/2023,Health service manager,Daily,Headphones,1
545,Gold,27,219.26,Electronics,29/6/2023,Tour manager,Monthly,Headphones,0
546,Silver,8,779.72,Electronics,24/9/2023,"Engineer, civil (contracting)",Daily,Laptop,1
547,Silver,22,1851.09,Home Goods,12/4/2023,Curator,Bi-weekly,Coffee Maker,0
548,,14,1462.91,Clothing,21/6/2023,"Surveyor, building control",Daily,T-Shirt,0
549,Bronze,7,1065.13,Home Goods,30/7/2023,Public relations officer,Daily,Bedding Set,0
550,Silver,19,589.47,Clothing,25/5/2023,Air broker,Daily,Jeans,1
551,Bronze,14,1107.93,Home Goods,26/7/2023,Learning disability nurse,Bi-weekly,Bedding Set,0
552,Gold,40,1789.87,Home Goods,23/5/2023,Air broker,Daily,Lamp,0
553,Bronze,6,881.61,Electronics,10/1/2023,Diagnostic radiographer,Monthly,Headphones,1
554,Bronze,49,1540.64,Home Goods,30/10/2023,"Sales professional, IT",Daily,Lamp,0
555,Platinum,31,501.80,Electronics,24/10/2023,"Accountant, chartered public finance",Bi-weekly,Smartwatch,0
556,Gold,21,933.90,Electronics,3/12/2023,"Engineer, technical sales",Monthly,Smartwatch,1
557,Gold,39,1170.62,Home Goods,14/11/2023,Regulatory affairs officer,Monthly,Couch,1
558,Bronze,20,1088.85,Clothing,9/3/2023,Politician's assistant,Monthly,Jeans,0
559,Bronze,22,456.06,Home Goods,9/3/2023,Archaeologist,Monthly,Lamp,1
560,Silver,12,1342.09,Electronics,6/1/2023,Records manager,Monthly,Smartwatch,1
561,Platinum,12,650.67,Clothing,1/12/2023,"Sound technician, broadcasting/film/video",Daily,Dress,1
562,Bronze,6,474.34,Electronics,14/3/2023,Administrator,Daily,Smartphone,1
563,Platinum,40,1176.97,Electronics,22/9/2023,Commercial horticulturist,Bi-weekly,Headphones,1
564,Bronze,38,65.83,Home Goods,13/6/2023,"Merchandiser, retail",Weekly,Couch,1
565,Bronze,46,1142.06,Clothing,10/11/2023,Electronics engineer,Bi-weekly,Jeans,1
566,Platinum,41,670.35,Clothing,12/6/2023,Hydrologist,Monthly,Jeans,0
567,Silver,36,799.96,Clothing,6/6/2023,"Surveyor, rural practice",Weekly,Jeans,0
568,Bronze,10,1456.61,Clothing,3/2/2023,Animal technologist,Monthly,Jeans,0
569,Platinum,30,1792.49,Home Goods,2/3/2023,Armed forces technical officer,Monthly,Lamp,1
570,Platinum,23,490.19,Clothing,2/3/2023,Database administrator,Daily,Jeans,1
571,Gold,3,1957.56,Home Goods,3/5/2023,Office manager,Bi-weekly,Lamp,0
572,Gold,30,1058.05,Home Goods,27/2/2023,"Research officer, government",Daily,Couch,1
573,Gold,35,1568.13,Clothing,18/5/2023,Paediatric nurse,Monthly,Sneakers,1
574,,11,118.89,Home Goods,3/8/2023,"Therapist, sports",Bi-weekly,Lamp,0
575,Gold,48,1267.42,Clothing,2/5/2023,"Lighting technician, broadcasting/film/video",Daily,T-Shirt,1
576,Gold,18,1722.82,Electronics,9/11/2023,Youth worker,Weekly,Smartphone,1
577,Gold,45,510.58,Electronics,10/4/2023,Press sub,Daily,Laptop,0
578,Platinum,49,1987.49,Clothing,6/9/2023,Chief Executive Officer,Monthly,Jeans,0
579,Gold,4,1302.41,Electronics,10/12/2023,Manufacturing engineer,Weekly,Smartwatch,1
580,Silver,25,1382.84,Clothing,8/5/2023,Advertising account executive,Bi-weekly,Dress,0
581,,44,665.59,Home Goods,21/1/2023,Multimedia programmer,Daily,Bedding Set,1
582,Gold,22,577.14,Electronics,28/8/2023,"Engineer, electrical",Monthly,Smartphone,0
583,,21,1117.84,Home Goods,1/1/2024,Environmental health practitioner,Daily,Couch,0
584,,15,1464.24,Clothing,29/9/2023,"Nurse, children's",Daily,T-Shirt,0
585,Silver,39,1294.26,Home Goods,5/11/2023,"Surveyor, rural practice",Daily,Coffee Maker,1
586,Silver,8,1406.52,Clothing,8/8/2023,Chief Financial Officer,Monthly,T-Shirt,1
587,Gold,17,365.83,Electronics,17/8/2023,IT consultant,Daily,Headphones,0
588,Silver,29,185.33,Electronics,27/2/2023,"Engineer, land",Monthly,Smartwatch,0
589,Platinum,14,1247.23,Electronics,24/5/2023,Consulting civil engineer,Bi-weekly,Laptop,0
590,Gold,50,919.47,Clothing,21/10/2023,Futures trader,Daily,Dress,1
591,Gold,26,1170.55,Home Goods,8/1/2023,Firefighter,Monthly,Lamp,0
592,Bronze,25,1910.60,Clothing,4/11/2023,Nutritional therapist,Bi-weekly,Sneakers,1
593,Bronze,24,1092.52,Clothing,25/11/2023,"Engineer, biomedical",Monthly,Sneakers,0
594,Bronze,25,1338.43,Clothing,14/1/2023,Astronomer,Monthly,Sneakers,1
595,Platinum,48,419.46,Electronics,29/9/2023,Special effects artist,Daily,Smartphone,1
596,Gold,32,1091.18,Clothing,28/12/2023,"Designer, textile",Daily,Sneakers,0
597,Silver,42,1351.27,Clothing,23/1/2023,"Scientist, research (maths)",Weekly,Jeans,0
598,Silver,32,1324.97,Clothing,23/2/2023,"Nurse, mental health",Daily,Jeans,0
599,Bronze,20,1650.44,Electronics,17/5/2023,"Designer, ceramics/pottery",Weekly,Laptop,0
600,Silver,5,1618.68,Clothing,17/7/2023,Conference centre manager,Monthly,Jeans,1
601,Silver,22,173.28,Clothing,25/10/2023,Database administrator,Monthly,Sneakers,0
602,Bronze,9,244.94,Home Goods,26/2/2023,Podiatrist,Monthly,Couch,1
603,Bronze,12,1855.97,Home Goods,6/2/2023,Arts administrator,Bi-weekly,Lamp,0
604,Gold,34,928.32,Electronics,8/10/2023,Local government officer,Daily,Smartwatch,0
605,Gold,27,58.91,Electronics,29/9/2023,Lawyer,Daily,Laptop,1
606,,30,1552.15,Home Goods,21/9/2023,Building services engineer,Bi-weekly,Couch,0
607,Platinum,12,361.53,Electronics,9/12/2023,Customer service manager,Bi-weekly,Smartwatch,1
608,Platinum,3,253.62,Electronics,5/4/2023,Magazine features editor,Weekly,Laptop,1
609,Bronze,16,1456.74,Home Goods,15/3/2023,Trading standards officer,Bi-weekly,Bedding Set,0
610,Silver,7,512.38,Clothing,25/9/2023,Office manager,Monthly,T-Shirt,1
611,Bronze,28,332.64,Home Goods,18/5/2023,"Surveyor, rural practice",Weekly,Coffee Maker,1
612,Gold,18,444.31,Electronics,20/12/2023,Chartered management accountant,Daily,Laptop,1
613,Silver,49,719.97,Clothing,2/3/2023,Amenity horticulturist,Weekly,Jeans,0
614,Platinum,14,1203.58,Clothing,16/8/2023,"Producer, television/film/video",Daily,Jeans,0
615,Silver,38,1895.19,Home Goods,3/1/2024,Insurance claims handler,Monthly,Couch,1
616,Bronze,28,1085.69,Clothing,14/1/2023,Probation officer,Daily,Jeans,0
617,,14,308.79,Clothing,5/9/2023,Software engineer,Daily,Sneakers,0
618,Bronze,30,954.33,Electronics,10/1/2023,"Conservation officer, nature",Monthly,Headphones,1
619,Bronze,41,187.86,Home Goods,19/7/2023,Careers adviser,Daily,Bedding Set,0
620,Gold,48,1867.87,Home Goods,25/1/2023,"Administrator, local government",Bi-weekly,Couch,1
621,Bronze,24,764.54,Home Goods,25/3/2023,Accounting technician,Daily,Coffee Maker,0
622,Bronze,42,983.06,Home Goods,11/1/2023,Heritage manager,Weekly,Coffee Maker,1
623,Platinum,18,156.20,Clothing,13/7/2023,Public affairs consultant,Monthly,T-Shirt,1
624,Gold,29,1260.85,Home Goods,16/1/2023,Estate agent,Daily,Lamp,0
625,Silver,19,1918.60,Electronics,11/11/2023,Geophysicist/field seismologist,Weekly,Smartphone,1
626,Bronze,19,862.25,Home Goods,3/4/2023,Medical physicist,Weekly,Lamp,1
627,Bronze,19,418.67,Electronics,9/9/2023,Customer service manager,Bi-weekly,Headphones,1
628,Platinum,30,642.96,Electronics,2/8/2023,Chartered management accountant,Weekly,Smartphone,1
629,Bronze,10,738.59,Clothing,12/10/2023,"Psychologist, clinical",Weekly,Sneakers,0
630,Silver,11,513.92,Electronics,27/7/2023,"Programmer, systems",Weekly,Headphones,0
631,Bronze,43,668.04,Clothing,22/10/2023,"Engineer, civil (contracting)",Bi-weekly,Jeans,1
632,,32,1548.61,Clothing,26/7/2023,Radiation protection practitioner,Weekly,Sneakers,1
633,Silver,37,1470.66,Clothing,16/7/2023,"Therapist, nutritional",Daily,T-Shirt,0
634,Bronze,20,98.35,Home Goods,15/9/2023,"Therapist, horticultural",Monthly,Bedding Set,0
635,,38,1076.55,Clothing,27/9/2023,"Engineer, civil (contracting)",Daily,Dress,0
636,Silver,32,669.63,Home Goods,19/4/2023,Firefighter,Daily,Bedding Set,1
637,Platinum,24,802.92,Electronics,13/8/2023,"Runner, broadcasting/film/video",Bi-weekly,Smartwatch,0
638,Platinum,48,1985.56,Clothing,11/8/2023,Metallurgist,Weekly,Dress,1
639,,10,455.18,Clothing,12/4/2023,Insurance broker,Bi-weekly,Dress,0
640,Gold,27,391.04,Clothing,7/1/2023,Estate manager/land agent,Weekly,Dress,1
641,Bronze,20,1677.44,Clothing,28/4/2023,Nature conservation officer,Monthly,T-Shirt,0
642,Platinum,8,1324.94,Clothing,6/6/2023,"Nurse, mental health",Weekly,Jeans,0
643,Platinum,5,1217.84,Clothing,14/3/2023,Insurance broker,Monthly,Sneakers,1
644,Gold,33,1479.27,Electronics,26/8/2023,Furniture designer,Weekly,Smartphone,1
645,Silver,23,368.45,Clothing,5/7/2023,Ergonomist,Monthly,Sneakers,0
646,Bronze,33,427.94,Home Goods,4/10/2023,"Teacher, adult education",Daily,Coffee Maker,1
647,Gold,18,1386.62,Home Goods,4/7/2023,Recruitment consultant,Daily,Bedding Set,0
648,Gold,24,1568.68,Clothing,15/7/2023,"Psychotherapist, child",Weekly,Jeans,0
649,Bronze,27,947.96,Electronics,7/11/2023,Manufacturing systems engineer,Weekly,Smartwatch,1
650,Gold,9,1643.23,Home Goods,13/4/2023,Education administrator,Bi-weekly,Bedding Set,0
651,Silver,9,1720.79,Electronics,18/1/2023,Housing manager/officer,Weekly,Smartphone,0
652,Bronze,5,86.67,Clothing,30/5/2023,Product manager,Daily,T-Shirt,0
653,Gold,3,179.18,Home Goods,31/12/2023,"Designer, exhibition/display",Daily,Coffee Maker,0
654,Gold,2,227.02,Home Goods,16/8/2023,Biomedical engineer,Bi-weekly,Coffee Maker,0
655,Bronze,34,473.15,Electronics,14/8/2023,Speech and language therapist,Weekly,Laptop,0
656,Platinum,24,1411.36,Electronics,25/5/2023,Trade mark attorney,Daily,Headphones,1
657,Silver,27,270.05,Clothing,3/11/2023,"Production assistant, radio",Monthly,Jeans,1
658,Gold,36,1458.17,Electronics,22/7/2023,"Designer, blown glass/stained glass",Monthly,Headphones,1
659,Gold,44,1953.55,Clothing,12/9/2023,Proofreader,Monthly,Dress,0
660,Gold,12,74.93,Home Goods,29/4/2023,Public relations account executive,Daily,Couch,0
661,Platinum,45,1201.59,Electronics,11/10/2023,Warehouse manager,Daily,Smartphone,1
662,Platinum,8,504.10,Clothing,25/4/2023,Stage manager,Bi-weekly,Sneakers,1
663,Platinum,32,1047.26,Electronics,18/5/2023,Advertising account executive,Daily,Smartwatch,1
664,Silver,2,244.23,Electronics,2/12/2023,Chief of Staff,Monthly,Smartphone,1
665,Gold,10,640.37,Home Goods,17/11/2023,"Accountant, chartered management",Daily,Lamp,1
666,Platinum,32,1034.35,Home Goods,14/7/2023,Recycling officer,Daily,Couch,1
667,,21,1713.10,Clothing,15/5/2023,Insurance claims handler,Daily,Sneakers,0
668,Silver,20,1445.66,Clothing,10/11/2023,"Education officer, community",Monthly,Dress,1
669,Bronze,26,563.61,Home Goods,26/6/2023,"Horticulturist, amenity",Bi-weekly,Bedding Set,1
670,Bronze,9,1682.02,Clothing,13/3/2023,General practice doctor,Daily,Sneakers,1
671,Gold,23,853.26,Electronics,1/2/2023,Estate agent,Weekly,Headphones,0
672,,8,708.31,Electronics,5/4/2023,Chartered accountant,Bi-weekly,Smartwatch,1
673,Platinum,38,93.36,Clothing,26/6/2023,Artist,Monthly,T-Shirt,1
674,Silver,22,1018.63,Home Goods,16/7/2023,Dance movement psychotherapist,Weekly,Bedding Set,1
675,Bronze,35,467.46,Clothing,12/12/2023,Biomedical engineer,Bi-weekly,Dress,0
676,Bronze,46,1696.16,Electronics,8/3/2023,"Surveyor, building control",Bi-weekly,Smartwatch,1
677,Bronze,42,1656.29,Home Goods,5/8/2023,"Radiographer, diagnostic",Monthly,Bedding Set,0
678,Gold,40,1054.97,Home Goods,31/3/2023,Software engineer,Weekly,Coffee Maker,1
679,Platinum,18,1877.47,Home Goods,25/2/2023,"Designer, television/film set",Monthly,Couch,0
680,Silver,16,343.42,Home Goods,5/8/2023,Product manager,Monthly,Couch,0
681,Gold,42,363.14,Home Goods,4/3/2023,"Physicist, medical",Weekly,Couch,0
682,Silver,20,955.11,Home Goods,27/5/2023,Marketing executive,Monthly,Couch,0
683,Silver,2,553.87,Clothing,2/2/2023,Learning mentor,Weekly,T-Shirt,1
684,Bronze,21,1223.12,Electronics,11/6/2023,Farm manager,Bi-weekly,Laptop,1
685,Silver,8,1163.40,Home Goods,5/11/2023,"Scientist, audiological",Bi-weekly,Couch,0
686,Gold,22,1673.05,Home Goods,20/6/2023,"Administrator, sports",Weekly,Coffee Maker,0
687,Silver,18,906.98,Clothing,10/3/2023,"Designer, interior/spatial",Daily,Sneakers,0
688,Platinum,31,1381.34,Clothing,23/10/2023,Print production planner,Bi-weekly,Sneakers,1
689,Bronze,48,1341.34,Electronics,17/1/2023,Artist,Weekly,Smartwatch,1
690,,44,288.00,Electronics,24/5/2023,English as a second language teacher,Monthly,Smartwatch,1
691,Silver,20,460.25,Electronics,26/5/2023,Air broker,Bi-weekly,Smartwatch,0
692,Platinum,31,1487.04,Clothing,3/6/2023,Retail banker,Daily,Sneakers,0
693,Gold,30,1405.66,Electronics,11/2/2023,Contracting civil engineer,Weekly,Smartphone,0
694,Gold,21,1172.83,Electronics,17/10/2023,"Scientist, physiological",Weekly,Smartphone,1
695,Platinum,48,310.34,Electronics,19/1/2023,Planning and development surveyor,Bi-weekly,Smartphone,0
696,Silver,26,1758.96,Home Goods,13/9/2023,"Programmer, applications",Daily,Coffee Maker,0
697,Gold,45,1711.07,Electronics,14/6/2023,Town planner,Monthly,Smartphone,0
698,Bronze,1,1451.24,Clothing,18/5/2023,"Doctor, hospital",Monthly,Jeans,0
699,Platinum,25,303.89,Electronics,4/3/2023,Colour technologist,Weekly,Headphones,0
700,Platinum,10,106.11,Clothing,7/9/2023,Retail banker,Monthly,Sneakers,1
701,Platinum,9,1749.31,Home Goods,16/6/2023,Clinical biochemist,Weekly,Lamp,1
702,Bronze,4,699.08,Electronics,9/5/2023,Accommodation manager,Bi-weekly,Laptop,0
703,Platinum,20,1956.17,Home Goods,30/6/2023,"Engineer, drilling",Weekly,Couch,0
704,Platinum,22,1761.90,Electronics,21/11/2023,Counsellor,Bi-weekly,Smartwatch,0
705,Gold,3,1958.11,Clothing,15/8/2023,Plant breeder/geneticist,Bi-weekly,Sneakers,1
706,Gold,28,1790.71,Clothing,29/4/2023,"Surveyor, minerals",Weekly,Dress,0
707,Bronze,15,407.13,Clothing,25/8/2023,Lexicographer,Weekly,Dress,0
708,Platinum,23,1978.20,Home Goods,2/5/2023,"Designer, interior/spatial",Monthly,Coffee Maker,0
709,Silver,19,402.28,Electronics,20/4/2023,Film/video editor,Bi-weekly,Smartphone,0
710,Silver,27,1844.81,Electronics,25/4/2023,Fisheries officer,Daily,Laptop,1
711,,26,778.44,Electronics,24/7/2023,Community pharmacist,Weekly,Smartwatch,1
712,Gold,39,1333.11,Clothing,14/12/2023,Legal executive,Monthly,Jeans,0
713,,21,1606.39,Home Goods,30/11/2023,"Scientist, product/process development",Monthly,Bedding Set,0
714,Bronze,2,1712.07,Electronics,21/6/2023,Seismic interpreter,Monthly,Smartphone,0
715,Platinum,48,1622.39,Clothing,20/1/2023,"Administrator, education",Weekly,T-Shirt,1
716,,29,1776.56,Clothing,21/8/2023,Personal assistant,Monthly,Dress,1
717,Platinum,41,880.73,Electronics,18/4/2023,Meteorologist,Bi-weekly,Smartphone,0
718,Bronze,19,963.03,Electronics,6/5/2023,Solicitor,Bi-weekly,Smartphone,1
719,Platinum,19,1158.64,Home Goods,27/11/2023,Charity fundraiser,Daily,Lamp,1
720,Gold,23,546.98,Electronics,23/4/2023,Corporate treasurer,Daily,Smartwatch,0
721,Bronze,6,861.69,Home Goods,6/8/2023,Commissioning editor,Bi-weekly,Lamp,1
722,Gold,12,461.58,Electronics,2/3/2023,Cytogeneticist,Bi-weekly,Laptop,1
723,Bronze,26,277.52,Electronics,4/2/2023,"Designer, blown glass/stained glass",Monthly,Smartwatch,1
724,Gold,45,1363.92,Home Goods,25/1/2023,Catering manager,Monthly,Couch,0
725,Silver,8,1641.14,Home Goods,1/10/2023,Air traffic controller,Daily,Coffee Maker,0
726,Silver,6,636.79,Clothing,22/10/2023,"Designer, industrial/product",Monthly,T-Shirt,0
727,Platinum,32,969.40,Clothing,12/3/2023,"Lighting technician, broadcasting/film/video",Weekly,Dress,0
728,Bronze,41,1702.88,Clothing,7/6/2023,Orthoptist,Monthly,Sneakers,0
729,Platinum,33,1202.53,Home Goods,23/1/2023,Paediatric nurse,Monthly,Couch,0
730,Gold,36,173.85,Home Goods,6/6/2023,"Copywriter, advertising",Monthly,Bedding Set,1
731,Bronze,11,611.62,Electronics,10/5/2023,Web designer,Bi-weekly,Smartphone,1
732,Platinum,9,1772.19,Home Goods,6/1/2023,Farm manager,Monthly,Bedding Set,1
733,Silver,19,1396.86,Electronics,29/1/2023,Passenger transport manager,Monthly,Smartphone,0
734,Bronze,27,1888.96,Clothing,3/8/2023,Electronics engineer,Weekly,T-Shirt,0
735,Gold,44,359.28,Home Goods,20/12/2023,"Designer, blown glass/stained glass",Daily,Couch,0
736,Silver,32,552.75,Clothing,8/7/2023,"Engineer, production",Daily,Sneakers,0
737,Bronze,46,148.32,Clothing,16/5/2023,"Engineer, production",Daily,T-Shirt,0
738,Silver,41,280.22,Electronics,4/7/2023,"Conservation officer, nature",Weekly,Smartwatch,1
739,Silver,42,759.29,Electronics,4/11/2023,Plant breeder/geneticist,Weekly,Smartwatch,0
740,Gold,19,1034.79,Electronics,22/8/2023,Investment analyst,Bi-weekly,Smartwatch,1
741,Silver,10,1518.75,Home Goods,4/6/2023,Museum education officer,Weekly,Lamp,1
742,,2,913.03,Electronics,16/4/2023,Human resources officer,Daily,Headphones,1
743,Bronze,26,1530.43,Home Goods,11/2/2023,Web designer,Weekly,Couch,1
744,Gold,47,1498.26,Clothing,1/1/2024,Sub,Bi-weekly,Jeans,1
745,Silver,35,1267.50,Home Goods,6/2/2023,Clinical cytogeneticist,Monthly,Lamp,0
746,Bronze,35,702.26,Home Goods,2/11/2023,Retail banker,Bi-weekly,Bedding Set,1
747,Bronze,2,1786.12,Home Goods,8/3/2023,Occupational hygienist,Bi-weekly,Bedding Set,1
748,,24,556.53,Home Goods,8/7/2023,"Designer, furniture",Daily,Couch,1
749,Bronze,30,711.01,Electronics,14/3/2023,Technical sales engineer,Weekly,Headphones,0
750,Silver,7,689.30,Home Goods,29/9/2023,Writer,Bi-weekly,Coffee Maker,1
751,Bronze,4,878.53,Electronics,7/5/2023,Musician,Weekly,Headphones,1
752,Platinum,17,1189.39,Home Goods,3/6/2023,Control and instrumentation engineer,Monthly,Lamp,1
753,Silver,32,1436.74,Electronics,10/1/2023,"Therapist, music",Daily,Smartwatch,1
754,Silver,36,770.20,Electronics,3/3/2023,Advice worker,Monthly,Headphones,1
755,Silver,8,774.36,Clothing,3/8/2023,Medical secretary,Bi-weekly,Jeans,0
756,,20,1783.66,Electronics,4/10/2023,"Psychologist, sport and exercise",Monthly,Headphones,0
757,Platinum,37,653.92,Clothing,17/7/2023,"Psychologist, educational",Monthly,Jeans,0
758,,49,927.36,Clothing,21/10/2023,Games developer,Bi-weekly,Dress,1
759,Gold,35,139.35,Home Goods,24/5/2023,Medical laboratory scientific officer,Bi-weekly,Coffee Maker,0
760,Gold,36,1308.06,Home Goods,25/3/2023,"Editor, film/video",Daily,Couch,0
761,Bronze,8,1333.60,Home Goods,5/10/2023,"Engineer, land",Daily,Coffee Maker,0
762,Platinum,6,1623.50,Home Goods,25/7/2023,"Development worker, international aid",Monthly,Lamp,0
763,Silver,27,96.91,Home Goods,27/7/2023,Chartered loss adjuster,Monthly,Couch,0
764,Gold,10,406.20,Electronics,19/10/2023,Multimedia specialist,Bi-weekly,Smartphone,0
765,Silver,2,1440.94,Clothing,20/6/2023,Commercial horticulturist,Daily,Dress,1
766,Bronze,4,444.99,Home Goods,11/3/2023,Corporate investment banker,Weekly,Lamp,0
767,Gold,30,1128.59,Electronics,3/5/2023,IT trainer,Daily,Smartphone,0
768,Bronze,16,1537.81,Home Goods,2/11/2023,Medical secretary,Bi-weekly,Lamp,0
769,Silver,10,777.95,Electronics,2/9/2023,Sports administrator,Monthly,Smartwatch,0
770,Gold,42,1945.56,Electronics,6/12/2023,Oncologist,Monthly,Headphones,1
771,Silver,38,1689.33,Clothing,13/12/2023,Personal assistant,Weekly,T-Shirt,1
772,Bronze,9,1463.89,Clothing,29/5/2023,"Restaurant manager, fast food",Weekly,Sneakers,1
773,Platinum,18,529.56,Clothing,15/7/2023,Oceanographer,Weekly,Sneakers,0
774,Bronze,39,979.23,Electronics,26/1/2023,"Designer, fashion/clothing",Weekly,Smartwatch,1
775,Bronze,35,110.35,Home Goods,23/5/2023,"Surveyor, building",Daily,Lamp,1
776,Bronze,8,952.25,Electronics,23/5/2023,"Engineer, agricultural",Daily,Laptop,1
777,Gold,13,225.43,Home Goods,19/2/2023,"Research officer, political party",Bi-weekly,Coffee Maker,0
778,,18,1011.03,Home Goods,9/1/2023,Secondary school teacher,Weekly,Lamp,0
779,,11,1125.98,Home Goods,22/3/2023,Animal nutritionist,Weekly,Coffee Maker,0
780,Silver,34,1471.35,Clothing,29/9/2023,Public relations officer,Daily,Sneakers,1
781,Bronze,21,893.47,Clothing,18/8/2023,Operational investment banker,Daily,Dress,1
782,Bronze,47,487.87,Clothing,4/6/2023,Banker,Monthly,Dress,0
783,Bronze,48,489.97,Home Goods,3/6/2023,"Therapist, speech and language",Daily,Coffee Maker,0
784,Bronze,41,1269.32,Electronics,5/5/2023,Radio broadcast assistant,Monthly,Headphones,1
785,Platinum,16,1919.67,Electronics,19/7/2023,Holiday representative,Weekly,Smartwatch,0
786,Bronze,6,1950.32,Electronics,26/6/2023,Information systems manager,Bi-weekly,Laptop,0
787,Bronze,20,1240.94,Clothing,3/12/2023,Chartered legal executive (England and Wales),Daily,T-Shirt,1
788,Bronze,40,1516.33,Electronics,5/3/2023,Field trials officer,Daily,Smartwatch,1
789,Bronze,22,1319.30,Home Goods,23/12/2023,Radio producer,Monthly,Coffee Maker,0
790,Bronze,38,1589.36,Electronics,18/3/2023,Fitness centre manager,Weekly,Headphones,1
791,Platinum,12,524.15,Electronics,6/12/2023,Retail banker,Weekly,Smartwatch,1
792,Silver,10,965.57,Home Goods,14/7/2023,Systems developer,Bi-weekly,Couch,0
793,Bronze,28,720.44,Electronics,12/2/2023,Occupational therapist,Weekly,Headphones,0
794,Platinum,39,1400.21,Home Goods,22/3/2023,"Engineer, drilling",Bi-weekly,Lamp,1
795,Platinum,3,1017.06,Electronics,12/2/2023,Quantity surveyor,Weekly,Smartwatch,0
796,Gold,48,783.03,Clothing,3/10/2023,Rural practice surveyor,Daily,T-Shirt,1
797,,10,616.62,Electronics,16/2/2023,Education administrator,Bi-weekly,Laptop,0
798,Silver,15,1776.50,Home Goods,8/10/2023,Licensed conveyancer,Bi-weekly,Coffee Maker,0
799,Silver,17,1825.77,Electronics,24/1/2023,"Radiographer, diagnostic",Weekly,Laptop,1
800,Platinum,16,770.80,Clothing,1/2/2023,"Engineer, communications",Weekly,Dress,0
801,Silver,13,423.78,Clothing,15/1/2023,Psychiatrist,Bi-weekly,Dress,0
802,,35,623.66,Electronics,22/7/2023,"Journalist, newspaper",Weekly,Headphones,0
803,Platinum,14,1468.23,Clothing,31/1/2023,Orthoptist,Daily,Dress,1
804,Platinum,12,677.56,Clothing,11/4/2023,Armed forces training and education officer,Monthly,Dress,1
805,Platinum,41,1846.31,Home Goods,7/2/2023,"Optician, dispensing",Daily,Coffee Maker,1
806,Silver,20,878.79,Clothing,19/3/2023,Information systems manager,Weekly,Sneakers,1
807,Silver,49,213.85,Clothing,15/4/2023,Insurance account manager,Bi-weekly,T-Shirt,1
808,Gold,28,929.74,Clothing,10/6/2023,"Runner, broadcasting/film/video",Bi-weekly,Sneakers,1
809,Silver,29,505.89,Home Goods,28/11/2023,Magazine journalist,Bi-weekly,Bedding Set,0
810,Bronze,8,189.13,Electronics,1/4/2023,Archivist,Weekly,Headphones,1
811,,13,1426.00,Electronics,2/4/2023,Music tutor,Bi-weekly,Headphones,1
812,Platinum,38,1527.72,Electronics,9/5/2023,Archivist,Weekly,Smartphone,0
813,Silver,31,505.76,Home Goods,29/3/2023,Environmental manager,Monthly,Lamp,1
814,Silver,28,1551.76,Home Goods,6/6/2023,"Buyer, retail",Weekly,Couch,1
815,Silver,20,1889.54,Electronics,25/4/2023,Product/process development scientist,Bi-weekly,Smartwatch,1
816,Gold,21,1194.56,Home Goods,20/12/2023,Control and instrumentation engineer,Weekly,Bedding Set,1
817,Platinum,5,1092.26,Electronics,7/5/2023,Investment analyst,Daily,Smartwatch,1
818,,44,1128.17,Electronics,18/1/2023,"Engineer, aeronautical",Monthly,Smartphone,0
819,,15,617.66,Home Goods,1/12/2023,Merchant navy officer,Monthly,Couch,0
820,Platinum,11,1979.71,Electronics,6/4/2023,Site engineer,Monthly,Laptop,1
821,Silver,20,892.79,Home Goods,30/1/2023,Phytotherapist,Monthly,Bedding Set,0
822,Platinum,18,443.32,Electronics,22/5/2023,Exhibition designer,Daily,Smartphone,1
823,Platinum,30,1173.46,Home Goods,20/11/2023,Animal technologist,Bi-weekly,Lamp,1
824,Gold,26,1245.40,Electronics,7/6/2023,Tourism officer,Weekly,Smartwatch,1
825,Silver,45,1158.80,Clothing,13/1/2023,Medical sales representative,Daily,Jeans,1
826,Gold,43,1836.78,Home Goods,16/9/2023,Acupuncturist,Monthly,Couch,1
827,Gold,27,929.33,Clothing,21/9/2023,Press photographer,Daily,T-Shirt,1
828,Platinum,13,823.51,Electronics,30/8/2023,Ship broker,Daily,Smartphone,1
829,Platinum,32,949.65,Electronics,31/3/2023,Emergency planning/management officer,Weekly,Smartwatch,0
830,Silver,11,1685.07,Home Goods,15/11/2023,Textile designer,Weekly,Lamp,0
831,Bronze,44,582.84,Clothing,6/7/2023,Solicitor,Weekly,T-Shirt,0
832,Bronze,41,1632.45,Home Goods,31/1/2023,Training and development officer,Daily,Bedding Set,1
833,Bronze,4,1556.20,Electronics,31/8/2023,Tax inspector,Bi-weekly,Smartphone,0
834,Bronze,1,707.38,Electronics,22/1/2023,Technical author,Daily,Laptop,0
835,Bronze,27,1049.38,Clothing,24/7/2023,"Designer, interior/spatial",Weekly,Dress,1
836,Silver,7,745.32,Electronics,29/12/2023,"Merchandiser, retail",Monthly,Laptop,1
837,,5,1333.03,Clothing,7/2/2023,"Nurse, children's",Bi-weekly,Jeans,1
838,Platinum,7,1439.44,Home Goods,10/10/2023,Armed forces technical officer,Bi-weekly,Bedding Set,1
839,,22,391.90,Home Goods,27/7/2023,Housing manager/officer,Monthly,Couch,1
840,Silver,33,1195.56,Electronics,8/9/2023,Immunologist,Daily,Laptop,1
841,Platinum,49,524.91,Electronics,6/12/2023,Horticultural consultant,Weekly,Headphones,0
842,Silver,42,123.92,Home Goods,5/3/2023,"Designer, furniture",Monthly,Bedding Set,0
843,Bronze,34,1593.97,Clothing,8/2/2023,Research scientist (physical sciences),Bi-weekly,Jeans,1
844,Silver,35,155.44,Home Goods,31/8/2023,Cytogeneticist,Weekly,Lamp,1
845,Bronze,5,1746.24,Electronics,29/9/2023,Podiatrist,Daily,Smartphone,0
846,Silver,38,1120.25,Electronics,7/9/2023,Energy engineer,Daily,Smartwatch,1
847,Silver,16,876.83,Home Goods,31/8/2023,"Journalist, newspaper",Bi-weekly,Lamp,0
848,Bronze,24,826.58,Electronics,9/5/2023,Advertising account planner,Monthly,Smartwatch,0
849,Platinum,28,1715.38,Clothing,7/3/2023,Pathologist,Weekly,Jeans,1
850,,30,602.29,Home Goods,1/3/2023,"Accountant, chartered management",Monthly,Coffee Maker,1
851,Silver,1,75.03,Home Goods,28/6/2023,Dietitian,Monthly,Lamp,1
852,Platinum,32,650.23,Home Goods,30/11/2023,Music therapist,Monthly,Couch,1
853,Silver,49,900.78,Clothing,11/7/2023,Chief Executive Officer,Monthly,Sneakers,0
854,Platinum,48,531.24,Clothing,19/12/2023,Cabin crew,Bi-weekly,T-Shirt,0
855,,44,337.37,Electronics,3/3/2023,Tax adviser,Weekly,Laptop,1
856,Bronze,34,1824.40,Clothing,13/10/2023,Minerals surveyor,Monthly,Sneakers,1
857,Platinum,49,1758.98,Home Goods,21/11/2023,Building control surveyor,Daily,Bedding Set,0
858,Silver,48,826.04,Clothing,2/1/2024,Media planner,Weekly,T-Shirt,0
859,Platinum,34,862.84,Clothing,30/5/2023,Tourism officer,Weekly,Jeans,0
860,Silver,33,1899.54,Clothing,21/3/2023,Air traffic controller,Weekly,T-Shirt,0
861,,29,1272.33,Home Goods,11/11/2023,Corporate treasurer,Weekly,Couch,1
862,Bronze,22,107.85,Electronics,6/5/2023,"Chemist, analytical",Monthly,Laptop,0
863,Bronze,43,1185.77,Electronics,17/11/2023,"Engineer, building services",Weekly,Laptop,1
864,Gold,32,972.80,Clothing,2/3/2023,Production manager,Monthly,Sneakers,1
865,,25,1241.08,Clothing,20/7/2023,"Social research officer, government",Daily,Dress,0
866,Bronze,34,594.96,Home Goods,31/8/2023,Music tutor,Bi-weekly,Lamp,1
867,Bronze,41,1917.22,Clothing,28/12/2023,Risk manager,Bi-weekly,Sneakers,1
868,Platinum,26,1491.45,Electronics,11/7/2023,Herpetologist,Monthly,Smartwatch,0
869,Gold,39,430.40,Electronics,14/4/2023,Airline pilot,Daily,Laptop,1
870,Platinum,11,1798.00,Electronics,4/5/2023,Telecommunications researcher,Weekly,Smartphone,0
871,Bronze,11,1861.56,Clothing,23/6/2023,"Therapist, drama",Bi-weekly,Sneakers,1
872,Silver,35,1285.42,Clothing,20/11/2023,"Teacher, special educational needs",Bi-weekly,T-Shirt,1
873,Platinum,42,1302.10,Home Goods,27/5/2023,Commissioning editor,Weekly,Couch,1
874,Bronze,22,1494.13,Electronics,7/11/2023,Chief Financial Officer,Bi-weekly,Headphones,1
875,Bronze,20,170.68,Home Goods,30/9/2023,Banker,Monthly,Bedding Set,1
876,Silver,7,820.86,Home Goods,15/5/2023,Tourism officer,Bi-weekly,Bedding Set,0
877,Platinum,10,1222.86,Electronics,30/1/2023,Merchant navy officer,Daily,Headphones,0
878,,41,1665.94,Clothing,9/8/2023,"Designer, furniture",Monthly,Sneakers,0
879,Silver,45,1484.66,Electronics,1/5/2023,Operational researcher,Monthly,Smartphone,0
880,,28,1371.90,Clothing,19/6/2023,Drilling engineer,Monthly,Sneakers,1
881,Platinum,7,305.26,Home Goods,9/12/2023,Surgeon,Bi-weekly,Coffee Maker,0
882,Platinum,19,1799.58,Electronics,16/9/2023,"Scientist, forensic",Weekly,Laptop,1
883,Bronze,44,1581.72,Electronics,27/6/2023,Newspaper journalist,Monthly,Smartphone,0
884,Platinum,12,1892.87,Electronics,17/4/2023,"Administrator, sports",Bi-weekly,Smartphone,1
885,Bronze,16,823.46,Clothing,18/1/2023,Broadcast journalist,Weekly,Dress,0
886,Platinum,18,1283.05,Clothing,1/7/2023,Haematologist,Daily,T-Shirt,0
887,Silver,2,1194.36,Home Goods,5/5/2023,Phytotherapist,Bi-weekly,Couch,0
888,Platinum,20,1164.28,Electronics,23/7/2023,"Designer, graphic",Daily,Smartphone,1
889,Platinum,36,1644.05,Home Goods,30/4/2023,Media buyer,Daily,Couch,0
890,Silver,39,1405.67,Electronics,27/3/2023,Materials engineer,Monthly,Laptop,0
891,,42,364.36,Home Goods,27/8/2023,Nutritional therapist,Daily,Couch,1
892,Silver,28,1955.35,Home Goods,5/1/2024,Astronomer,Weekly,Bedding Set,1
893,Platinum,45,660.23,Clothing,1/3/2023,Risk manager,Weekly,T-Shirt,0
894,Silver,20,1719.37,Electronics,29/10/2023,Warehouse manager,Weekly,Headphones,0
895,Platinum,5,1122.20,Clothing,24/6/2023,Charity officer,Weekly,T-Shirt,1
896,Silver,35,447.34,Home Goods,21/8/2023,"Designer, exhibition/display",Weekly,Coffee Maker,1
897,Platinum,25,100.52,Home Goods,1/9/2023,"Education officer, museum",Daily,Couch,1
898,Bronze,24,1823.03,Clothing,23/10/2023,"Therapist, music",Weekly,T-Shirt,1
899,,8,392.68,Home Goods,2/8/2023,"Investment banker, operational",Monthly,Bedding Set,1
900,Bronze,4,382.96,Clothing,5/10/2023,Nutritional therapist,Bi-weekly,Dress,1
901,Gold,1,1388.98,Home Goods,18/10/2023,Financial planner,Weekly,Bedding Set,0
902,Gold,46,1566.18,Home Goods,28/2/2023,Research scientist (physical sciences),Monthly,Coffee Maker,1
903,Gold,18,1907.60,Home Goods,10/9/2023,Media planner,Bi-weekly,Couch,1
904,Bronze,41,204.98,Home Goods,5/9/2023,Network engineer,Daily,Couch,0
905,Platinum,1,1926.22,Clothing,24/1/2023,"Accountant, chartered",Weekly,T-Shirt,1
906,Silver,48,64.22,Clothing,11/1/2023,Microbiologist,Bi-weekly,T-Shirt,1
907,Silver,12,196.49,Electronics,17/4/2023,Medical sales representative,Bi-weekly,Smartwatch,1
908,Gold,8,709.02,Home Goods,31/8/2023,Consulting civil engineer,Daily,Lamp,1
909,Bronze,48,1280.79,Clothing,16/9/2023,Insurance risk surveyor,Bi-weekly,T-Shirt,1
910,Bronze,23,61.49,Clothing,21/7/2023,"Designer, television/film set",Bi-weekly,T-Shirt,1
911,,23,67.28,Clothing,29/4/2023,Fast food restaurant manager,Weekly,Jeans,1
912,Bronze,10,1550.42,Clothing,12/9/2023,"Designer, blown glass/stained glass",Monthly,Sneakers,1
913,Gold,7,1979.27,Home Goods,26/5/2023,Community education officer,Weekly,Lamp,0
914,Silver,8,419.66,Electronics,29/10/2023,Race relations officer,Monthly,Headphones,0
915,Silver,31,1921.41,Clothing,6/11/2023,Building control surveyor,Monthly,Dress,0
916,Platinum,9,263.98,Electronics,26/12/2023,Paramedic,Weekly,Laptop,0
917,Gold,28,1954.06,Home Goods,1/1/2024,Water engineer,Monthly,Bedding Set,1
918,Silver,40,347.37,Home Goods,2/10/2023,"Engineer, technical sales",Weekly,Couch,1
919,Platinum,13,974.09,Electronics,12/1/2023,Special effects artist,Weekly,Smartphone,0
920,,3,584.03,Electronics,23/10/2023,Tree surgeon,Monthly,Smartphone,0
921,Platinum,34,647.57,Home Goods,9/9/2023,Data scientist,Weekly,Lamp,0
922,Bronze,20,264.61,Clothing,15/8/2023,Physiotherapist,Bi-weekly,Jeans,1
923,Bronze,1,151.65,Home Goods,25/7/2023,Interpreter,Weekly,Bedding Set,0
924,Gold,32,758.98,Clothing,9/11/2023,Automotive engineer,Daily,Jeans,1
925,Gold,48,1568.68,Home Goods,2/3/2023,Chiropractor,Bi-weekly,Bedding Set,0
926,,7,304.45,Home Goods,3/3/2023,Research scientist (life sciences),Daily,Coffee Maker,0
927,Bronze,5,1886.55,Home Goods,14/7/2023,Graphic designer,Bi-weekly,Coffee Maker,0
928,Silver,27,1123.47,Clothing,25/3/2023,"Engineer, automotive",Bi-weekly,Dress,0
929,Platinum,27,1071.34,Home Goods,25/12/2023,Civil Service administrator,Weekly,Coffee Maker,1
930,Bronze,45,420.87,Clothing,27/4/2023,"Teacher, adult education",Daily,Dress,1
931,Gold,14,408.93,Electronics,19/3/2023,"Engineer, petroleum",Weekly,Laptop,1
932,Gold,20,1712.33,Clothing,8/1/2023,"Development worker, community",Bi-weekly,Jeans,0
933,Silver,19,126.23,Electronics,16/8/2023,Insurance claims handler,Weekly,Laptop,0
934,Bronze,1,1314.86,Home Goods,2/3/2023,Environmental health practitioner,Bi-weekly,Bedding Set,0
935,Gold,21,1971.26,Home Goods,31/12/2023,Public relations account executive,Bi-weekly,Bedding Set,0
936,Bronze,47,1504.25,Clothing,5/2/2023,"Doctor, general practice",Bi-weekly,Jeans,1
937,Gold,14,1184.24,Clothing,18/10/2023,"Engineer, water",Monthly,Dress,1
938,Bronze,32,403.95,Electronics,7/10/2023,Public relations account executive,Weekly,Smartphone,1
939,,12,1644.12,Home Goods,28/2/2023,"Pharmacist, hospital",Weekly,Couch,1
940,Platinum,7,1462.40,Electronics,30/12/2023,Occupational psychologist,Daily,Laptop,0
941,Bronze,9,534.27,Electronics,21/8/2023,Agricultural engineer,Weekly,Laptop,0
942,Gold,46,215.68,Electronics,5/5/2023,Fitness centre manager,Monthly,Headphones,1
943,,4,1109.88,Clothing,18/2/2023,Hydrogeologist,Daily,T-Shirt,0
944,Bronze,33,1778.59,Clothing,25/10/2023,"Scientist, biomedical",Daily,T-Shirt,0
945,Silver,23,1327.96,Electronics,20/1/2023,Archaeologist,Monthly,Laptop,1
946,Silver,7,1915.11,Clothing,7/7/2023,Clinical psychologist,Daily,T-Shirt,1
947,Silver,12,885.83,Clothing,4/3/2023,Television/film/video producer,Weekly,Jeans,1
948,Gold,7,578.63,Clothing,1/2/2023,Higher education lecturer,Bi-weekly,T-Shirt,0
949,Silver,21,338.17,Clothing,6/5/2023,IT sales professional,Daily,Dress,1
950,Gold,9,404.65,Clothing,9/7/2023,Contractor,Bi-weekly,Dress,1
951,Gold,9,1614.17,Home Goods,2/9/2023,Software engineer,Monthly,Lamp,1
952,Silver,25,213.05,Home Goods,4/6/2023,Artist,Weekly,Coffee Maker,1
953,Bronze,24,1138.83,Electronics,10/11/2023,Accounting technician,Daily,Headphones,0
954,Silver,36,1945.05,Clothing,3/9/2023,Amenity horticulturist,Weekly,T-Shirt,0
955,,25,1479.51,Home Goods,2/6/2023,"Therapist, drama",Bi-weekly,Couch,0
956,,2,336.43,Electronics,26/11/2023,"Therapist, music",Weekly,Smartwatch,0
957,Silver,48,1078.53,Clothing,10/5/2023,Geoscientist,Monthly,Dress,0
958,Silver,4,1768.26,Electronics,2/3/2023,Heritage manager,Weekly,Laptop,1
959,Platinum,36,1437.24,Clothing,19/3/2023,"Engineer, petroleum",Bi-weekly,Dress,0
960,Platinum,9,1499.11,Clothing,23/2/2023,"Engineer, broadcasting (operations)",Daily,Jeans,0
961,,21,1322.76,Clothing,25/6/2023,Building services engineer,Weekly,Sneakers,1
962,Bronze,7,201.73,Home Goods,18/7/2023,Public relations officer,Daily,Coffee Maker,0
963,Bronze,49,1823.89,Electronics,29/3/2023,Copy,Weekly,Laptop,0
964,Bronze,37,1973.66,Clothing,13/12/2023,Medical laboratory scientific officer,Daily,Sneakers,0
965,Platinum,33,430.02,Clothing,7/7/2023,Freight forwarder,Weekly,T-Shirt,1
966,Bronze,33,1624.61,Electronics,24/12/2023,"Merchandiser, retail",Monthly,Laptop,1
967,Platinum,6,1776.15,Electronics,9/9/2023,Dietitian,Weekly,Smartphone,0
968,Gold,29,1581.44,Clothing,10/8/2023,"Designer, exhibition/display",Bi-weekly,Dress,0
969,Platinum,16,457.20,Home Goods,1/3/2023,"Engineer, automotive",Daily,Lamp,0
970,Gold,36,1741.69,Electronics,25/4/2023,Science writer,Daily,Smartphone,1
971,Gold,37,758.49,Electronics,30/11/2023,Commissioning editor,Weekly,Smartwatch,1
972,,42,1852.11,Electronics,20/3/2023,"Therapist, drama",Monthly,Headphones,1
973,,29,765.13,Home Goods,29/7/2023,Corporate treasurer,Bi-weekly,Lamp,1
974,Bronze,40,1955.99,Electronics,2/9/2023,Press sub,Daily,Laptop,1
975,Platinum,5,484.95,Clothing,28/1/2023,"Doctor, general practice",Daily,Dress,1
976,Silver,47,261.28,Clothing,29/5/2023,Furniture conservator/restorer,Weekly,T-Shirt,1
977,Platinum,14,1419.47,Clothing,8/11/2023,Media buyer,Bi-weekly,Jeans,1
978,Silver,21,1158.00,Home Goods,25/6/2023,Veterinary surgeon,Daily,Bedding Set,1
979,Bronze,14,1742.64,Home Goods,3/6/2023,Counselling psychologist,Bi-weekly,Coffee Maker,0
980,Gold,26,209.33,Home Goods,19/5/2023,"Designer, interior/spatial",Monthly,Bedding Set,0
981,Platinum,22,1928.56,Clothing,13/10/2023,Telecommunications researcher,Weekly,Dress,1
982,Silver,45,901.73,Home Goods,19/3/2023,Careers adviser,Monthly,Coffee Maker,0
983,Silver,21,1344.92,Home Goods,27/7/2023,Site engineer,Daily,Lamp,0
984,Bronze,44,842.45,Home Goods,4/1/2024,Minerals surveyor,Monthly,Coffee Maker,1
985,Bronze,3,476.31,Electronics,4/6/2023,Tax inspector,Weekly,Smartphone,1
986,Bronze,24,1636.87,Electronics,4/8/2023,Oceanographer,Bi-weekly,Laptop,1
987,Platinum,27,735.87,Home Goods,1/6/2023,General practice doctor,Bi-weekly,Coffee Maker,1
988,Silver,36,1210.04,Home Goods,27/5/2023,Theatre stage manager,Monthly,Lamp,1
989,Bronze,6,1621.58,Electronics,21/11/2023,"Education officer, museum",Daily,Smartwatch,0
990,Bronze,41,916.00,Home Goods,20/12/2023,"Engineer, biomedical",Bi-weekly,Coffee Maker,0
991,Platinum,8,431.34,Clothing,3/11/2023,"Psychologist, occupational",Bi-weekly,Dress,1
992,Platinum,1,1882.25,Electronics,21/4/2023,Higher education lecturer,Bi-weekly,Headphones,1
993,,1,1805.37,Clothing,20/12/2023,Rural practice surveyor,Daily,Sneakers,1
994,Platinum,16,1133.69,Clothing,29/9/2023,Industrial/product designer,Monthly,Dress,0
995,Silver,26,1813.13,Home Goods,16/10/2023,Air traffic controller,Monthly,Coffee Maker,0
996,Platinum,49,1273.27,Clothing,28/3/2023,Archivist,Weekly,Jeans,0
997,Platinum,1,1276.34,Home Goods,19/10/2023,Banker,Daily,Couch,1
998,Silver,30,1287.20,Clothing,2/10/2023,"Engineer, chemical",Weekly,Jeans,1
999,Silver,47,1571.06,Clothing,25/8/2023,Dietitian,Daily,Jeans,0
1000,Bronze,8,945.30,Home Goods,4/11/2023,"Restaurant manager, fast food",Daily,Bedding Set,0
