CustomerID,Age,Gender,Country
1,58,Male,
2,20,Male,Bangladesh
3,46,Non-Binary,Indonesia
4,39,Male,
5,42,Male,
6,36,Male,India
7,60,Female,Turkey
8,,Female,Turkey
9,59,Female,Turkey
10,,Female,Vietnam
11,27,Non-Binary,China
12,53,Male,Indonesia
13,47,Male,Japan
14,41,Male,Pakistan
15,21,Male,Japan
16,34,Non-Binary,
17,46,Non-Binary,Japan
18,18,Male,China
19,31,Non-Binary,Turkey
20,30,Male,
21,21,Female,Bangladesh
22,47,Male,Iran
23,33,Male,Japan
24,47,Female,
25,21,Non-Binary,Pakistan
26,50,Male,India
27,57,Male,India
28,,Female,Vietnam
29,52,Male,Japan
30,57,Non-Binary,Japan
31,25,Male,Bangladesh
32,34,Male,India
33,,Non-Binary,Indonesia
34,41,Non-Binary,Pakistan
35,60,Male,Philippines
36,29,Female,Turkey
37,20,Female,Japan
38,19,Non-Binary,China
39,19,Male,China
40,45,Non-Binary,Philippines
41,41,Female,Pakistan
42,60,Female,Iran
43,57,Non-Binary,Japan
44,46,Female,Vietnam
45,33,Non-Binary,Vietnam
46,47,Female,Indonesia
47,45,Male,Turkey
48,26,Female,Iran
49,65,Female,Iran
50,22,Non-Binary,Pakistan
51,62,Male,Indonesia
52,42,Non-Binary,India
53,52,Non-Binary,India
54,47,Male,Indonesia
55,29,Male,Philippines
56,44,Female,Philippines
57,19,Male,Vietnam
58,62,Female,Turkey
59,37,Non-Binary,China
60,,Male,India
61,24,Female,Turkey
62,47,Female,Japan
63,39,Male,Philippines
64,51,Male,China
65,19,Male,Bangladesh
66,65,Non-Binary,Indonesia
67,25,Non-Binary,India
68,,Female,Bangladesh
69,62,Male,Turkey
70,21,Female,Indonesia
71,27,Non-Binary,Indonesia
72,46,Female,Turkey
73,58,Male,Iran
74,62,Non-Binary,China
75,61,Male,Japan
76,27,Male,Bangladesh
77,62,Female,Pakistan
78,19,Male,
79,29,Female,Vietnam
80,44,Female,Turkey
81,53,Male,Indonesia
82,44,Male,Turkey
83,53,Male,Turkey
84,37,Non-Binary,Philippines
85,63,Female,Turkey
86,56,Non-Binary,Pakistan
87,55,Non-Binary,Philippines
88,38,Male,Japan
89,60,Non-Binary,Turkey
90,51,Female,Pakistan
91,57,Non-Binary,
92,57,Male,Turkey
93,46,Male,
94,51,Female,China
95,47,Non-Binary,China
96,46,Female,India
97,,Male,Bangladesh
98,18,Non-Binary,Pakistan
99,61,Non-Binary,Iran
100,55,Female,Pakistan
101,28,Female,Philippines
102,61,Non-Binary,India
103,61,Non-Binary,Japan
104,57,Non-Binary,Vietnam
105,25,Male,China
106,47,Female,
107,20,Non-Binary,Japan
108,21,Female,India
109,39,Male,Pakistan
110,27,Non-Binary,Indonesia
111,,Male,Bangladesh
112,65,Male,India
113,64,Non-Binary,
114,,Non-Binary,Turkey
115,42,Non-Binary,India
116,46,Male,Pakistan
117,,Male,Vietnam
118,53,Male,Philippines
119,56,Female,Indonesia
120,53,Female,Philippines
121,,Female,Vietnam
122,65,Non-Binary,Turkey
123,21,Male,Vietnam
124,56,Female,Bangladesh
125,51,Non-Binary,China
126,34,Female,
127,22,Female,
128,,Female,Iran
129,45,Non-Binary,Turkey
130,50,Non-Binary,
131,30,Male,
132,58,Female,India
133,,Male,Pakistan
134,47,Non-Binary,Iran
135,,Female,
136,51,Non-Binary,India
137,22,Female,Iran
138,37,Non-Binary,Japan
139,60,Non-Binary,Pakistan
140,39,Female,Japan
141,60,Female,Philippines
142,41,Non-Binary,Bangladesh
143,30,Female,
144,34,Male,Iran
145,46,Non-Binary,
146,,Non-Binary,Pakistan
147,27,Male,Indonesia
148,57,Male,India
149,37,Male,Japan
150,58,Non-Binary,Vietnam
151,60,Non-Binary,Bangladesh
152,58,Female,
153,26,Male,Turkey
154,26,Male,India
155,52,Female,Indonesia
156,35,Male,India
157,62,Female,Indonesia
158,38,Male,Iran
159,,Male,Japan
160,,Non-Binary,Bangladesh
161,59,Female,Bangladesh
162,46,Male,
163,65,Male,Philippines
164,57,Female,
165,61,Female,Indonesia
166,50,Male,Bangladesh
167,53,Male,Vietnam
168,38,Non-Binary,Philippines
169,45,Non-Binary,
170,51,Female,Indonesia
171,55,Non-Binary,Japan
172,23,Male,Indonesia
173,48,Male,China
174,31,Female,China
175,,Male,Pakistan
176,33,Male,India
177,37,Female,Turkey
178,21,Female,Philippines
179,45,Male,Indonesia
180,53,Female,Pakistan
181,41,Female,Indonesia
182,26,Non-Binary,China
183,43,Non-Binary,Japan
184,19,Female,Philippines
185,34,Non-Binary,Pakistan
186,54,Non-Binary,India
187,50,Non-Binary,China
188,38,Male,Pakistan
189,35,Non-Binary,Vietnam
190,48,Female,Pakistan
191,27,Female,Pakistan
192,30,Non-Binary,Bangladesh
193,,Male,Bangladesh
194,59,Female,Turkey
195,52,Non-Binary,Turkey
196,20,Male,China
197,50,Female,Bangladesh
198,65,Female,
199,,Non-Binary,Iran
200,46,Female,Japan
201,60,Male,Turkey
202,57,Male,Iran
203,33,Non-Binary,China
204,53,Non-Binary,China
205,23,Non-Binary,Turkey
206,,Male,Pakistan
207,52,Male,India
208,42,Female,Japan
209,29,Non-Binary,India
210,52,Female,Bangladesh
211,60,Female,Philippines
212,65,Male,Bangladesh
213,64,Non-Binary,Pakistan
214,44,Female,Philippines
215,59,Non-Binary,Indonesia
216,33,Male,Bangladesh
217,33,Female,China
218,35,Female,Pakistan
219,18,Male,Iran
220,36,Female,Japan
221,24,Non-Binary,Vietnam
222,19,Female,Turkey
223,53,Non-Binary,Indonesia
224,26,Non-Binary,Bangladesh
225,18,Female,Iran
226,,Non-Binary,Pakistan
227,19,Non-Binary,Pakistan
228,35,Female,
229,,Male,Pakistan
230,23,Female,Iran
231,,Male,India
232,63,Female,Iran
233,65,Male,Philippines
234,56,Non-Binary,Pakistan
235,,Male,China
236,,Non-Binary,India
237,41,Female,Pakistan
238,53,Male,Turkey
239,,Female,Turkey
240,44,Female,India
241,24,Male,Vietnam
242,39,Female,Turkey
243,36,Non-Binary,Vietnam
244,25,Non-Binary,Turkey
245,46,Female,Turkey
246,42,Male,Indonesia
247,24,Male,Vietnam
248,24,Male,Pakistan
249,61,Non-Binary,Bangladesh
250,64,Male,Turkey
251,,Non-Binary,Pakistan
252,61,Male,India
253,58,Male,Pakistan
254,18,Non-Binary,Japan
255,38,Male,India
256,40,Female,Pakistan
257,38,Male,Indonesia
258,54,Female,India
259,26,Male,Japan
260,,Non-Binary,
261,36,Male,Philippines
262,35,Non-Binary,Iran
263,37,Male,China
264,65,Non-Binary,Iran
265,54,Female,China
266,26,Female,Bangladesh
267,61,Female,Philippines
268,43,Non-Binary,Turkey
269,64,Female,Pakistan
270,38,Female,Bangladesh
271,,Non-Binary,China
272,62,Male,Philippines
273,21,Female,Vietnam
274,,Male,Iran
275,45,Non-Binary,Philippines
276,26,Female,
277,40,Non-Binary,Philippines
278,26,Male,Vietnam
279,53,Non-Binary,Bangladesh
280,36,Non-Binary,Pakistan
281,41,Female,Japan
282,22,Male,Philippines
283,,Female,Philippines
284,27,Non-Binary,India
285,21,Male,
286,18,Non-Binary,Japan
287,64,Male,India
288,47,Non-Binary,China
289,32,Non-Binary,Pakistan
290,29,Male,China
291,,Non-Binary,Pakistan
292,37,Female,India
293,47,Female,Pakistan
294,32,Non-Binary,Bangladesh
295,,Male,Indonesia
296,62,Female,India
297,55,Non-Binary,Indonesia
298,62,Non-Binary,India
299,24,Male,Bangladesh
300,37,Female,Philippines
301,23,Non-Binary,
302,,Female,Pakistan
303,30,Female,Bangladesh
304,22,Male,Iran
305,54,Female,Iran
306,35,Female,Japan
307,23,Female,
308,63,Female,
309,38,Non-Binary,Philippines
310,24,Male,India
311,29,Male,Japan
312,54,Non-Binary,Vietnam
313,21,Male,Philippines
314,38,Male,Turkey
315,55,Male,Bangladesh
316,32,Non-Binary,Turkey
317,54,Male,Vietnam
318,65,Male,Iran
319,18,Female,Pakistan
320,46,Non-Binary,India
321,54,Non-Binary,Vietnam
322,39,Male,Vietnam
323,45,Non-Binary,Philippines
324,62,Non-Binary,Vietnam
325,21,Female,Indonesia
326,28,Non-Binary,Japan
327,59,Non-Binary,Japan
328,,Female,Iran
329,55,Male,Bangladesh
330,37,Male,Turkey
331,28,Male,India
332,38,Non-Binary,Philippines
333,62,Non-Binary,Pakistan
334,,Female,Vietnam
335,,Non-Binary,
336,41,Male,Pakistan
337,37,Non-Binary,Pakistan
338,65,Female,Iran
339,,Non-Binary,Turkey
340,63,Male,Philippines
341,49,Non-Binary,Turkey
342,36,Male,Vietnam
343,59,Female,Bangladesh
344,32,Female,Pakistan
345,,Male,Turkey
346,37,Non-Binary,Indonesia
347,30,Male,Vietnam
348,36,Female,Iran
349,,Female,Turkey
350,64,Non-Binary,India
351,39,Female,Bangladesh
352,30,Non-Binary,Indonesia
353,30,Female,Turkey
354,49,Female,China
355,49,Male,Turkey
356,,Non-Binary,Indonesia
357,32,Non-Binary,Vietnam
358,36,Female,China
359,43,Male,Vietnam
360,41,Non-Binary,Japan
361,59,Male,China
362,31,Non-Binary,Vietnam
363,24,Non-Binary,India
364,40,Non-Binary,India
365,33,Male,China
366,64,Non-Binary,Iran
367,20,Female,India
368,26,Non-Binary,India
369,39,Male,Philippines
370,59,Male,Iran
371,29,Non-Binary,Turkey
372,44,Female,Vietnam
373,45,Non-Binary,Iran
374,59,Male,Bangladesh
375,50,Male,China
376,49,Female,India
377,53,Non-Binary,Pakistan
378,39,Female,Bangladesh
379,25,Male,Indonesia
380,49,Male,
381,47,Male,China
382,60,Non-Binary,Iran
383,62,Non-Binary,China
384,56,Non-Binary,Bangladesh
385,56,Non-Binary,
386,61,Male,Pakistan
387,61,Non-Binary,Iran
388,30,Female,Pakistan
389,46,Male,Turkey
390,42,Female,Indonesia
391,58,Non-Binary,
392,46,Male,Indonesia
393,53,Female,Iran
394,27,Female,Iran
395,63,Female,Vietnam
396,40,Male,Bangladesh
397,25,Non-Binary,Bangladesh
398,25,Female,Vietnam
399,20,Female,
400,61,Female,Philippines
401,47,Non-Binary,Iran
402,44,Female,India
403,65,Non-Binary,Iran
404,36,Female,China
405,52,Female,Bangladesh
406,25,Male,Indonesia
407,44,Non-Binary,Vietnam
408,59,Non-Binary,Indonesia
409,40,Male,Philippines
410,,Non-Binary,Vietnam
411,63,Non-Binary,Vietnam
412,40,Female,Japan
413,34,Non-Binary,India
414,20,Non-Binary,Japan
415,26,Female,Vietnam
416,46,Male,Philippines
417,49,Male,
418,48,Female,India
419,42,Non-Binary,Japan
420,40,Female,Philippines
421,50,Non-Binary,China
422,64,Male,Turkey
423,33,Male,China
424,28,Female,Japan
425,31,Female,Vietnam
426,28,Non-Binary,China
427,30,Non-Binary,Turkey
428,48,Non-Binary,Bangladesh
429,62,Non-Binary,Vietnam
430,26,Female,Iran
431,54,Non-Binary,Indonesia
432,45,Non-Binary,China
433,44,Non-Binary,India
434,65,Male,India
435,53,Non-Binary,India
436,23,Male,Indonesia
437,,Non-Binary,Bangladesh
438,20,Non-Binary,Bangladesh
439,35,Female,Vietnam
440,53,Female,Pakistan
441,34,Male,Indonesia
442,52,Non-Binary,Iran
443,61,Female,Indonesia
444,44,Female,Bangladesh
445,53,Male,Philippines
446,65,Male,Turkey
447,27,Male,China
448,41,Non-Binary,Bangladesh
449,32,Non-Binary,Iran
450,47,Male,Vietnam
451,41,Non-Binary,Vietnam
452,29,Female,Japan
453,54,Non-Binary,Turkey
454,65,Male,Japan
455,53,Non-Binary,Pakistan
456,46,Non-Binary,Pakistan
457,40,Non-Binary,
458,38,Non-Binary,Vietnam
459,58,Female,Philippines
460,38,Non-Binary,Indonesia
461,44,Male,China
462,,Female,Iran
463,24,Female,India
464,58,Male,
465,47,Non-Binary,
466,51,Non-Binary,Indonesia
467,27,Female,
468,48,Female,Bangladesh
469,44,Non-Binary,Philippines
470,23,Female,Japan
471,30,Male,Turkey
472,38,Male,Japan
473,64,Male,Vietnam
474,47,Non-Binary,China
475,29,Male,Pakistan
476,65,Male,Bangladesh
477,28,Non-Binary,India
478,41,Male,India
479,43,Male,India
480,28,Female,Bangladesh
481,26,Female,China
482,40,Non-Binary,China
483,,Male,Japan
484,36,Female,Pakistan
485,57,Male,Iran
486,,Female,Indonesia
487,20,Male,India
488,41,Male,Philippines
489,58,Male,Pakistan
490,64,Male,Iran
491,30,Non-Binary,Vietnam
492,62,Non-Binary,Vietnam
493,40,Female,China
494,53,Non-Binary,Vietnam
495,,Male,Turkey
496,24,Male,Vietnam
497,54,Female,Iran
498,20,Non-Binary,Philippines
499,65,Non-Binary,Vietnam
500,38,Non-Binary,Pakistan
501,45,Female,Vietnam
502,43,Non-Binary,Philippines
503,33,Male,Iran
504,41,Female,
505,57,Male,Philippines
506,65,Male,Iran
507,46,Female,China
508,57,Non-Binary,Vietnam
509,30,Non-Binary,Bangladesh
510,19,Female,Pakistan
511,29,Male,Japan
512,49,Female,Pakistan
513,58,Female,Indonesia
514,23,Non-Binary,China
515,37,Non-Binary,
516,37,Non-Binary,Japan
517,38,Male,India
518,30,Male,Japan
519,32,Non-Binary,Indonesia
520,42,Female,Turkey
521,44,Male,Japan
522,45,Female,Bangladesh
523,46,Female,Bangladesh
524,36,Female,Vietnam
525,47,Non-Binary,Bangladesh
526,19,Male,Japan
527,23,Male,Vietnam
528,53,Female,Indonesia
529,63,Male,Pakistan
530,18,Non-Binary,Philippines
531,31,Non-Binary,Turkey
532,21,Male,
533,23,Male,Turkey
534,65,Non-Binary,Japan
535,53,Male,Bangladesh
536,57,Male,Japan
537,56,Female,Pakistan
538,,Male,Iran
539,,Female,Turkey
540,34,Male,Iran
541,64,Non-Binary,India
542,48,Male,Vietnam
543,53,Non-Binary,Bangladesh
544,39,Female,India
545,63,Male,China
546,51,Female,Vietnam
547,50,Male,Pakistan
548,,Non-Binary,Indonesia
549,39,Female,Japan
550,38,Male,Turkey
551,25,Male,Indonesia
552,28,Male,India
553,24,Female,Iran
554,30,Non-Binary,
555,47,Female,Japan
556,62,Non-Binary,Vietnam
557,28,Female,
558,53,Non-Binary,Japan
559,48,Female,
560,52,Non-Binary,Bangladesh
561,53,Male,India
562,49,Non-Binary,
563,52,Female,Pakistan
564,63,Female,Iran
565,53,Male,China
566,62,Non-Binary,Pakistan
567,48,Male,Iran
568,18,Male,Turkey
569,26,Non-Binary,Pakistan
570,53,Female,Pakistan
571,44,Non-Binary,Indonesia
572,27,Non-Binary,
573,57,Male,Indonesia
574,,Female,Turkey
575,54,Male,Indonesia
576,34,Male,China
577,41,Male,Japan
578,56,Male,Pakistan
579,54,Non-Binary,China
580,48,Non-Binary,China
581,,Female,Philippines
582,57,Non-Binary,India
583,,Female,Japan
584,,Female,India
585,56,Non-Binary,Pakistan
586,60,Non-Binary,China
587,35,Female,Turkey
588,34,Female,
589,27,Non-Binary,Vietnam
590,54,Non-Binary,Philippines
591,27,Non-Binary,Vietnam
592,52,Male,
593,21,Non-Binary,India
594,29,Non-Binary,
595,23,Non-Binary,Bangladesh
596,42,Male,Iran
597,43,Male,Japan
598,20,Non-Binary,Iran
599,29,Non-Binary,Vietnam
600,25,Female,
601,31,Male,India
602,46,Male,Turkey
603,23,Male,Pakistan
604,31,Male,Pakistan
605,58,Female,Vietnam
606,,Non-Binary,India
607,61,Female,Japan
608,39,Non-Binary,Japan
609,50,Male,
610,25,Female,
611,55,Female,India
612,64,Male,Japan
613,47,Female,
614,23,Female,Turkey
615,38,Female,India
616,64,Non-Binary,Philippines
617,,Male,China
618,63,Female,Iran
619,63,Non-Binary,India
620,61,Male,Pakistan
621,41,Female,Vietnam
622,39,Male,India
623,40,Female,Turkey
624,63,Non-Binary,Bangladesh
625,23,Female,Philippines
626,27,Male,Iran
627,65,Non-Binary,
628,49,Non-Binary,
629,41,Female,Bangladesh
630,29,Non-Binary,Bangladesh
631,31,Non-Binary,
632,,Male,Indonesia
633,48,Female,
634,61,Non-Binary,
635,,Non-Binary,Turkey
636,50,Female,Philippines
637,27,Non-Binary,Indonesia
638,31,Non-Binary,Japan
639,,Non-Binary,Iran
640,18,Female,China
641,53,Female,
642,34,Female,India
643,25,Female,Philippines
644,62,Male,Vietnam
645,47,Non-Binary,Pakistan
646,36,Female,India
647,38,Non-Binary,India
648,18,Male,Iran
649,30,Non-Binary,
650,37,Non-Binary,Philippines
651,65,Male,
652,23,Female,Bangladesh
653,48,Male,Indonesia
654,29,Non-Binary,Bangladesh
655,24,Non-Binary,China
656,31,Non-Binary,Philippines
657,45,Male,Philippines
658,41,Non-Binary,Pakistan
659,56,Non-Binary,
660,22,Female,China
661,27,Female,Vietnam
662,30,Non-Binary,Japan
663,40,Female,Iran
664,32,Non-Binary,Philippines
665,56,Non-Binary,
666,30,Female,Japan
667,,Female,Iran
668,49,Female,
669,53,Male,India
670,21,Male,Iran
671,24,Female,India
672,,Male,Bangladesh
673,35,Male,Pakistan
674,24,Non-Binary,
675,30,Female,India
676,57,Non-Binary,Pakistan
677,31,Female,Japan
678,44,Female,Indonesia
679,31,Non-Binary,Indonesia
680,41,Female,Indonesia
681,44,Female,India
682,30,Male,Vietnam
683,28,Female,Iran
684,19,Male,Vietnam
685,64,Male,Iran
686,56,Male,Iran
687,24,Male,Japan
688,38,Non-Binary,India
689,19,Non-Binary,Bangladesh
690,,Non-Binary,
691,37,Male,
692,35,Male,Vietnam
693,40,Female,China
694,43,Male,
695,38,Female,India
696,44,Female,Turkey
697,47,Male,Iran
698,41,Male,China
699,35,Female,Iran
700,44,Male,Japan
701,23,Male,Turkey
702,22,Male,China
703,34,Non-Binary,Japan
704,34,Male,India
705,34,Male,
706,57,Female,Vietnam
707,30,Male,Turkey
708,49,Male,Indonesia
709,40,Male,Bangladesh
710,51,Non-Binary,Japan
711,,Non-Binary,China
712,47,Non-Binary,
713,,Non-Binary,India
714,33,Female,Philippines
715,37,Female,Iran
716,,Male,
717,57,Male,Indonesia
718,49,Non-Binary,Bangladesh
719,33,Non-Binary,Philippines
720,24,Female,India
721,29,Female,Philippines
722,57,Female,Japan
723,52,Male,
724,37,Non-Binary,Philippines
725,26,Male,China
726,45,Non-Binary,Indonesia
727,27,Non-Binary,Japan
728,39,Male,Vietnam
729,49,Female,Indonesia
730,45,Non-Binary,Bangladesh
731,62,Female,India
732,56,Non-Binary,Turkey
733,28,Non-Binary,
734,56,Female,Japan
735,40,Female,Iran
736,25,Non-Binary,Philippines
737,62,Non-Binary,Indonesia
738,50,Male,Iran
739,64,Male,Indonesia
740,33,Female,China
741,58,Non-Binary,Pakistan
742,,Female,Iran
743,28,Female,Vietnam
744,44,Female,Pakistan
745,46,Non-Binary,Vietnam
746,37,Male,Pakistan
747,58,Male,Iran
748,,Male,Vietnam
749,37,Non-Binary,Philippines
750,63,Female,Philippines
751,44,Male,Pakistan
752,55,Non-Binary,Indonesia
753,28,Male,China
754,20,Non-Binary,Japan
755,20,Non-Binary,India
756,,Female,Turkey
757,20,Female,
758,,Non-Binary,Indonesia
759,32,Female,Turkey
760,54,Non-Binary,
761,48,Non-Binary,Pakistan
762,63,Non-Binary,Japan
763,39,Female,
764,52,Male,Turkey
765,57,Female,Philippines
766,34,Female,Japan
767,35,Male,Japan
768,35,Non-Binary,Japan
769,58,Non-Binary,
770,18,Female,Vietnam
771,40,Non-Binary,Indonesia
772,23,Female,Vietnam
773,58,Female,China
774,62,Male,China
775,52,Male,Indonesia
776,42,Male,Iran
777,61,Non-Binary,India
778,,Female,Pakistan
779,,Non-Binary,China
780,26,Female,Iran
781,18,Female,India
782,41,Non-Binary,Vietnam
783,39,Male,China
784,39,Female,Iran
785,33,Male,Indonesia
786,58,Female,China
787,21,Female,Pakistan
788,42,Female,Indonesia
789,57,Non-Binary,India
790,24,Male,
791,44,Female,Turkey
792,37,Non-Binary,Turkey
793,21,Male,Philippines
794,60,Female,China
795,28,Male,Japan
796,33,Female,China
797,,Non-Binary,India
798,30,Female,India
799,30,Male,Japan
800,31,Female,Japan
801,25,Male,Indonesia
802,,Non-Binary,Vietnam
803,50,Non-Binary,Vietnam
804,49,Non-Binary,
805,35,Non-Binary,
806,33,Female,
807,53,Male,Pakistan
808,50,Non-Binary,Japan
809,42,Male,Turkey
810,35,Male,Turkey
811,,Non-Binary,China
812,40,Female,Pakistan
813,64,Non-Binary,China
814,23,Female,Japan
815,26,Non-Binary,Japan
816,61,Female,Philippines
817,42,Male,Philippines
818,,Male,Indonesia
819,,Female,Vietnam
820,38,Female,Turkey
821,31,Male,India
822,50,Non-Binary,India
823,54,Female,Indonesia
824,62,Non-Binary,Japan
825,42,Non-Binary,Japan
826,58,Non-Binary,Bangladesh
827,22,Male,Philippines
828,42,Female,Vietnam
829,60,Non-Binary,China
830,48,Female,Japan
831,22,Non-Binary,Philippines
832,46,Non-Binary,
833,21,Non-Binary,Philippines
834,19,Female,Indonesia
835,64,Male,Indonesia
836,25,Male,
837,,Female,India
838,37,Non-Binary,Japan
839,,Non-Binary,
840,42,Non-Binary,Indonesia
841,33,Non-Binary,Japan
842,27,Female,India
843,35,Female,Turkey
844,39,Male,Japan
845,29,Female,Pakistan
846,26,Male,China
847,28,Non-Binary,Vietnam
848,35,Female,Turkey
849,48,Male,Bangladesh
850,,Female,Pakistan
851,30,Male,Bangladesh
852,65,Female,Vietnam
853,54,Male,Indonesia
854,59,Female,Vietnam
855,,Non-Binary,Vietnam
856,43,Non-Binary,Japan
857,55,Female,India
858,35,Non-Binary,Bangladesh
859,22,Non-Binary,Indonesia
860,30,Female,Indonesia
861,,Female,Turkey
862,25,Female,Pakistan
863,21,Female,Pakistan
864,56,Non-Binary,China
865,,Female,Iran
866,19,Non-Binary,Turkey
867,60,Male,
868,32,Non-Binary,Philippines
869,64,Female,Vietnam
870,61,Non-Binary,Philippines
871,24,Female,India
872,60,Male,Japan
873,42,Non-Binary,Vietnam
874,23,Male,Turkey
875,54,Non-Binary,Turkey
876,61,Male,Indonesia
877,49,Non-Binary,Indonesia
878,,Non-Binary,China
879,63,Male,Turkey
880,,Female,Indonesia
881,62,Male,Pakistan
882,46,Non-Binary,Turkey
883,64,Non-Binary,India
884,24,Female,Turkey
885,33,Male,Bangladesh
886,47,Non-Binary,India
887,49,Non-Binary,Indonesia
888,42,Female,Iran
889,62,Male,Iran
890,60,Male,Iran
891,,Non-Binary,
892,41,Non-Binary,
893,26,Non-Binary,Iran
894,20,Male,Pakistan
895,64,Non-Binary,Philippines
896,61,Female,China
897,27,Female,Turkey
898,22,Female,Bangladesh
899,,Female,Philippines
900,53,Female,India
901,55,Male,Indonesia
902,64,Non-Binary,Vietnam
903,40,Female,Japan
904,44,Female,Japan
905,65,Female,Japan
906,18,Non-Binary,Japan
907,28,Non-Binary,Indonesia
908,42,Male,Turkey
909,34,Male,Japan
910,57,Female,India
911,,Male,Pakistan
912,25,Female,China
913,45,Male,Philippines
914,40,Non-Binary,Philippines
915,28,Non-Binary,Indonesia
916,38,Female,Iran
917,21,Non-Binary,Pakistan
918,23,Female,Vietnam
919,62,Male,Vietnam
920,,Male,Bangladesh
921,21,Female,India
922,50,Female,Turkey
923,21,Male,Pakistan
924,45,Male,
925,41,Non-Binary,Bangladesh
926,,Female,Vietnam
927,63,Female,China
928,20,Male,Philippines
929,45,Male,Bangladesh
930,20,Non-Binary,Philippines
931,43,Non-Binary,
932,50,Non-Binary,Turkey
933,20,Non-Binary,Turkey
934,31,Non-Binary,Philippines
935,44,Non-Binary,Turkey
936,34,Male,Iran
937,32,Female,India
938,27,Female,India
939,,Female,Japan
940,33,Female,Japan
941,18,Non-Binary,Pakistan
942,24,Non-Binary,Philippines
943,,Male,
944,52,Female,Japan
945,45,Female,Turkey
946,28,Male,Iran
947,23,Male,Indonesia
948,57,Female,Iran
949,27,Non-Binary,Philippines
950,27,Male,Bangladesh
951,56,Non-Binary,Turkey
952,52,Non-Binary,Turkey
953,18,Male,Iran
954,36,Female,China
955,,Non-Binary,India
956,,Non-Binary,Iran
957,29,Female,China
958,36,Male,Bangladesh
959,45,Non-Binary,Iran
960,35,Male,China
961,,Female,Indonesia
962,30,Female,Iran
963,22,Male,Philippines
964,35,Male,
965,40,Female,India
966,44,Non-Binary,Vietnam
967,28,Male,Indonesia
968,50,Non-Binary,Pakistan
969,63,Non-Binary,Iran
970,18,Male,China
971,28,Male,Turkey
972,,Female,Japan
973,,Non-Binary,Vietnam
974,34,Non-Binary,Japan
975,42,Male,Vietnam
976,24,Male,Japan
977,39,Non-Binary,Bangladesh
978,27,Non-Binary,Pakistan
979,48,Male,Bangladesh
980,27,Male,Pakistan
981,21,Male,Bangladesh
982,48,Non-Binary,Pakistan
983,64,Non-Binary,Vietnam
984,49,Female,Japan
985,58,Non-Binary,Bangladesh
986,31,Male,Iran
987,59,Female,Philippines
988,45,Female,Philippines
989,62,Non-Binary,Indonesia
990,49,Non-Binary,Bangladesh
991,47,Non-Binary,India
992,59,Non-Binary,Vietnam
993,,Non-Binary,Vietnam
994,39,Male,Turkey
995,58,Female,Turkey
996,58,Non-Binary,Indonesia
997,23,Male,Iran
998,19,Non-Binary,China
999,30,Non-Binary,Turkey
1000,58,Non-Binary,
